"date","product","sku","quantity","unit_type","applied_cost_per_quantity","gross_amount","discount_amount","net_amount","username","organization","repository","workflow_path","cost_center_name"
"2026-01-01","actions","actions_linux","4","minutes","0.006","0.024","0.024","0","RoyalOughtness","secureblue","secureblue",".github/workflows/scorecard.yml",""
"2026-01-01","actions","actions_linux","1","minutes","0.006","0.006","0.006","0","EsseLowNitro","secureblue","secureblue",".github/workflows/justlint.yml",""
"2026-01-01","actions","actions_linux","1","minutes","0.006","0.006","0.006","0","dependabot[bot]","secureblue","trivalent-subresource-filter","dynamic/dependabot/dependabot-updates",""
"2026-01-01","actions","actions_linux","9","minutes","0.006","0.05399999999999999","0.05399999999999999","0","HastD","secureblue","secureblue",".github/workflows/zizmor.yml",""
"2026-01-01","actions","actions_linux","1","minutes","0.006","0.006","0.006","0","RoyalOughtness","secureblue","secureblue",".github/workflows/automod.yml",""
"2026-01-01","actions","actions_linux","1","minutes","0.006","0.006","0.006","0","RoyalOughtness","secureblue","secureblue",".github/workflows/justlint.yml",""
"2026-01-01","actions","actions_linux","7","minutes","0.006","0.041999999999999996","0.041999999999999996","0","HastD","secureblue","secureblue",".github/workflows/tests.yml",""
"2026-01-01","actions","actions_linux","1","minutes","0.006","0.006","0.006","0","dependabot[bot]","secureblue","selinux-policy-rpm","dynamic/dependabot/dependabot-updates",""
"2026-01-01","actions","actions_linux","2","minutes","0.006","0.012","0.012","0","HastD","secureblue","secureblue",".github/workflows/ruff.yml",""
"2026-01-01","actions","actions_linux","1","minutes","0.006","0.006","0.006","0","EsseLowNitro","secureblue","secureblue",".github/workflows/validate_exec_bit.yml",""
"2026-01-01","actions","actions_linux","7","minutes","0.006","0.041999999999999996","0.041999999999999996","0","HastD","secureblue","secureblue",".github/workflows/checksum.yml",""
"2026-01-01","actions","actions_linux","1","minutes","0.006","0.006","0.006","0","RoyalOughtness","secureblue","trivalent-subresource-filter",".github/workflows/rebuild.yml",""
"2026-01-01","actions","actions_linux","2","minutes","0.006","0.012","0.012","0","TheHooly","secureblue","secureblue",".github/workflows/automod.yml",""
"2026-01-01","actions","actions_linux","2","minutes","0.006","0.012","0.012","0","HastD","secureblue","secureblue",".github/workflows/trivy.yml",""
"2026-01-01","actions","actions_linux","19","minutes","0.006","0.114","0.114","0","RoyalOughtness","secureblue","secureblue",".github/workflows/integration_tests.yml",""
"2026-01-01","actions","actions_linux","7","minutes","0.006","0.041999999999999996","0.041999999999999996","0","HastD","secureblue","secureblue",".github/workflows/validate_exec_bit.yml",""
"2026-01-01","actions","actions_linux","1","minutes","0.006","0.006","0.006","0","HastD","secureblue","secureblue",".github/workflows/justlint.yml",""
"2026-01-01","actions","actions_linux","7","minutes","0.006","0.041999999999999996","0.041999999999999996","0","HastD","secureblue","secureblue",".github/workflows/linkspector.yml",""
"2026-01-01","actions","actions_linux","10","minutes","0.006","0.05999999999999999","0.05999999999999999","0","HastD","secureblue","secureblue","dynamic/github-code-scanning/codeql",""
"2026-01-01","actions","actions_linux","689","minutes","0.006","4.134","4.134","0","HastD","secureblue","secureblue",".github/workflows/build-all.yml",""
"2026-01-01","actions","actions_linux","1","minutes","0.006","0.006","0.006","0","dependabot[bot]","secureblue","selinux-policy","dynamic/dependabot/dependabot-updates",""
"2026-01-01","actions","actions_linux","1","minutes","0.006","0.006","0.006","0","dependabot[bot]","secureblue","architecture","dynamic/dependabot/dependabot-updates",""
"2026-01-01","actions","actions_linux","268","minutes","0.006","1.608","1.608","0","HastD","secureblue","secureblue",".github/workflows/pr_build_all_main.yml",""
"2026-01-01","actions","actions_linux","1","minutes","0.006","0.006","0.006","0","dependabot[bot]","secureblue","trivalent-chromium-clean-source","dynamic/dependabot/dependabot-updates",""
"2026-01-01","actions","actions_linux","4","minutes","0.006","0.024","0.024","0","RoyalOughtness","secureblue","secureblue",".github/workflows/trivy.yml",""
"2026-01-01","actions","actions_linux","2","minutes","0.006","0.012","0.012","0","dependabot[bot]","secureblue","secureblue","dynamic/dependabot/dependabot-updates",""
"2026-01-01","actions","actions_linux","30","minutes","0.006","0.18","0.18","0","EsseLowNitro","secureblue","secureblue",".github/workflows/pr_build_minimal.yml",""
"2026-01-01","actions","actions_linux","2","minutes","0.006","0.012","0.012","0","HastD","secureblue","secureblue",".github/workflows/scorecard.yml",""
"2026-01-01","actions","actions_linux","9","minutes","0.006","0.05399999999999999","0.05399999999999999","0","RoyalOughtness","secureblue","secureblue",".github/workflows/zizmor.yml",""
"2026-01-01","actions","actions_linux","316","minutes","0.006","1.8960000000000001","1.8960000000000001","0","HastD","secureblue","secureblue",".github/workflows/pr_build_minimal.yml",""
"2026-01-01","actions","actions_linux","16","minutes","0.006","0.09600000000000002","0.09600000000000002","0","RoyalOughtness","secureblue","secureblue","dynamic/github-code-scanning/codeql",""
"2026-01-01","actions","actions_linux","115","minutes","0.006","0.69","0.69","0","RoyalOughtness","secureblue","secureblue",".github/workflows/pr_build_nvidia.yml",""
"2026-01-01","actions","actions_linux","2","minutes","0.006","0.012","0.012","0","dependabot[bot]","secureblue","Trivalent","dynamic/dependabot/dependabot-updates",""
"2026-01-01","actions","actions_linux","311","minutes","0.006","1.866","1.866","0","RoyalOughtness","secureblue","secureblue",".github/workflows/pr_build_minimal.yml",""
"2026-01-01","actions","actions_linux","2408","minutes","0.006","14.448000000000029","14.448000000000029","0","RoyalOughtness","secureblue","secureblue",".github/workflows/build-all.yml",""
"2026-01-01","actions","actions_linux","1","minutes","0.006","0.006","0.006","0","RoyalOughtness","secureblue","selinux-policy",".github/workflows/upstream-sync.yml",""
"2026-01-01","actions","actions_linux","1","minutes","0.006","0.006","0.006","0","EsseLowNitro","secureblue","secureblue",".github/workflows/zizmor.yml",""
"2026-01-01","actions","actions_linux","1","minutes","0.006","0.006","0.006","0","EsseLowNitro","secureblue","secureblue",".github/workflows/checksum.yml",""
"2026-01-01","actions","actions_linux","2","minutes","0.006","0.012","0.012","0","dependabot[bot]","secureblue","render-isos","dynamic/dependabot/dependabot-updates",""
"2026-01-01","actions","actions_linux","1","minutes","0.006","0.006","0.006","0","RoyalOughtness","secureblue","secureblue",".github/workflows/provenance.yml",""
"2026-01-01","actions","actions_linux","1","minutes","0.006","0.006","0.006","0","DaRandomCube","secureblue","secureblue",".github/workflows/automod.yml",""
"2026-01-01","actions","actions_linux","1","minutes","0.006","0.006","0.006","0","EsseLowNitro","secureblue","secureblue",".github/workflows/tests.yml",""
"2026-01-01","actions","actions_linux","1","minutes","0.006","0.006","0.006","0","dependabot[bot]","secureblue","rpm-repo-worker","dynamic/dependabot/dependabot-updates",""
"2026-01-01","actions","actions_linux","6","minutes","0.006","0.036","0.036","0","RoyalOughtness","secureblue","secureblue",".github/workflows/linkspector.yml",""
"2026-01-01","actions","actions_linux","6","minutes","0.006","0.036","0.036","0","RoyalOughtness","secureblue","secureblue",".github/workflows/checksum.yml",""
"2026-01-01","actions","actions_linux","6","minutes","0.006","0.036","0.036","0","RoyalOughtness","secureblue","secureblue",".github/workflows/validate_exec_bit.yml",""
"2026-01-01","actions","actions_linux","6","minutes","0.006","0.036","0.036","0","RoyalOughtness","secureblue","secureblue",".github/workflows/tests.yml",""
"2026-01-01","actions","actions_linux","1","minutes","0.006","0.006","0.006","0","RKNF404","secureblue","Trivalent",".github/workflows/zizmor.yml",""
"2026-01-01","actions","actions_linux","1","minutes","0.006","0.006","0.006","0","dependabot[bot]","secureblue","bootc-integration-test-action","dynamic/dependabot/dependabot-updates",""
"2026-01-01","actions","actions_linux","1","minutes","0.006","0.006","0.006","0","EsseLowNitro","secureblue","secureblue",".github/workflows/linkspector.yml",""
"2026-01-01","actions","actions_storage","746.7720559019999","gigabyte-hours","0.00033602","0.25093033","0.25093033","0","","secureblue","Trivalent","",""
"2026-01-01","actions","actions_storage","0.003072312000000001","gigabyte-hours","0.00033602","1.0320000000000007E-06","1.0320000000000007E-06","0","","secureblue","render-isos","",""
"2026-01-01","actions","actions_storage","0.0008357039999999997","gigabyte-hours","0.00033602","2.6400000000000003E-07","2.6400000000000003E-07","0","","secureblue","bootc-integration-test-action","",""
"2026-01-01","actions","actions_storage","0.004052087999999998","gigabyte-hours","0.00033602","1.3439999999999995E-06","1.3439999999999995E-06","0","","secureblue","selinux-policy","",""
"2026-01-01","actions","actions_storage","0.0003915360000000001","gigabyte-hours","0.00033602","1.2000000000000004E-07","1.2000000000000004E-07","0","","secureblue","trivalent-chromium-clean-source","",""
"2026-01-01","actions","actions_storage","0.003607032000000001","gigabyte-hours","0.00033602","1.1999999999999993E-06","1.1999999999999993E-06","0","","secureblue","rpm-repo-worker","",""
"2026-01-01","actions","actions_storage","0.0010585440000000002","gigabyte-hours","0.00033602","3.359999999999999E-07","3.359999999999999E-07","0","","secureblue","selinux-policy-rpm","",""
"2026-01-01","actions","actions_storage","0.003622512000000002","gigabyte-hours","0.00033602","1.1999999999999993E-06","1.1999999999999993E-06","0","","secureblue","approvals-action","",""
"2026-01-01","actions","actions_storage","0.020910348999999998","gigabyte-hours","0.00033602","7.0100000000000015E-06","7.0100000000000015E-06","0","","secureblue","secureblue","",""
"2026-01-01","actions","actions_storage","0.0007842530000000004","gigabyte-hours","0.00033602","2.410000000000001E-07","2.410000000000001E-07","0","","secureblue","trivalent-subresource-filter","",""
"2026-01-02","actions","actions_linux","1","minutes","0.006","0.006","0.006","0","dependabot[bot]","secureblue","bootc-integration-test-action","dynamic/dependabot/dependabot-updates",""
"2026-01-02","actions","actions_linux","1","minutes","0.006","0.006","0.006","0","dependabot[bot]","secureblue","render-isos","dynamic/dependabot/dependabot-updates",""
"2026-01-02","actions","actions_linux","1829","minutes","0.006","10.97400000000001","10.97400000000001","0","RoyalOughtness","secureblue","secureblue",".github/workflows/build-all.yml",""
"2026-01-02","actions","actions_linux","3","minutes","0.006","0.018000000000000002","0.018000000000000002","0","HastD","secureblue","secureblue",".github/workflows/scorecard.yml",""
"2026-01-02","actions","actions_linux","3","minutes","0.006","0.018000000000000002","0.018000000000000002","0","HastD","secureblue","secureblue",".github/workflows/trivy.yml",""
"2026-01-02","actions","actions_linux","1","minutes","0.006","0.006","0.006","0","dependabot[bot]","secureblue","selinux-policy-rpm","dynamic/dependabot/dependabot-updates",""
"2026-01-02","actions","actions_linux","6","minutes","0.006","0.036","0.036","0","HastD","secureblue","secureblue",".github/workflows/zizmor.yml",""
"2026-01-02","actions","actions_linux","13","minutes","0.006","0.078","0.078","0","alexvojproc","secureblue","secureblue",".github/workflows/validate_exec_bit.yml",""
"2026-01-02","actions","actions_linux","2","minutes","0.006","0.012","0.012","0","RoyalOughtness","secureblue","secureblue",".github/workflows/scorecard.yml",""
"2026-01-02","actions","actions_linux","19","minutes","0.006","0.114","0.114","0","RoyalOughtness","secureblue","secureblue",".github/workflows/integration_tests.yml",""
"2026-01-02","actions","actions_linux","10","minutes","0.006","0.05999999999999999","0.05999999999999999","0","RoyalOughtness","secureblue","secureblue","dynamic/github-code-scanning/codeql",""
"2026-01-02","actions","actions_linux","3","minutes","0.006","0.018000000000000002","0.018000000000000002","0","RoyalOughtness","secureblue","secureblue",".github/workflows/zizmor.yml",""
"2026-01-02","actions","actions_linux","2","minutes","0.006","0.012","0.012","0","dependabot[bot]","secureblue","secureblue","dynamic/dependabot/dependabot-updates",""
"2026-01-02","actions","actions_linux","16","minutes","0.006","0.096","0.096","0","HastD","secureblue","secureblue","dynamic/github-code-scanning/codeql",""
"2026-01-02","actions","actions_linux","1","minutes","0.006","0.006","0.006","0","GenEmSec","secureblue","secureblue",".github/workflows/automod.yml",""
"2026-01-02","actions","actions_linux","3","minutes","0.006","0.018000000000000002","0.018000000000000002","0","RoyalOughtness","secureblue","secureblue",".github/workflows/trivy.yml",""
"2026-01-02","actions","actions_linux","43","minutes","0.006","0.258","0.258","0","RoyalOughtness","secureblue","secureblue",".github/workflows/pr_build_minimal.yml",""
"2026-01-02","actions","actions_linux","1916","minutes","0.006","11.496000000000025","11.496000000000025","0","HastD","secureblue","secureblue",".github/workflows/build-all.yml",""
"2026-01-02","actions","actions_linux","1","minutes","0.006","0.006","0.006","0","RoyalOughtness","secureblue","secureblue",".github/workflows/validate_exec_bit.yml",""
"2026-01-02","actions","actions_linux","1","minutes","0.006","0.006","0.006","0","RoyalOughtness","secureblue","secureblue",".github/workflows/checksum.yml",""
"2026-01-02","actions","actions_linux","1","minutes","0.006","0.006","0.006","0","RoyalOughtness","secureblue","secureblue",".github/workflows/ruff.yml",""
"2026-01-02","actions","actions_linux","1","minutes","0.006","0.006","0.006","0","RoyalOughtness","secureblue","secureblue",".github/workflows/tests.yml",""
"2026-01-02","actions","actions_linux","2","minutes","0.006","0.012","0.012","0","dependabot[bot]","secureblue","Trivalent","dynamic/dependabot/dependabot-updates",""
"2026-01-02","actions","actions_linux","342","minutes","0.006","2.0520000000000005","2.0520000000000005","0","alexvojproc","secureblue","secureblue",".github/workflows/pr_build_minimal.yml",""
"2026-01-02","actions","actions_linux","13","minutes","0.006","0.078","0.078","0","alexvojproc","secureblue","secureblue",".github/workflows/linkspector.yml",""
"2026-01-02","actions","actions_linux","13","minutes","0.006","0.078","0.078","0","alexvojproc","secureblue","secureblue",".github/workflows/zizmor.yml",""
"2026-01-02","actions","actions_linux","13","minutes","0.006","0.078","0.078","0","alexvojproc","secureblue","secureblue",".github/workflows/tests.yml",""
"2026-01-02","actions","actions_linux","43","minutes","0.006","0.258","0.258","0","fuchskurt","secureblue","secureblue",".github/workflows/pr_build_minimal.yml",""
"2026-01-02","actions","actions_linux","13","minutes","0.006","0.078","0.078","0","alexvojproc","secureblue","secureblue",".github/workflows/ruff.yml",""
"2026-01-02","actions","actions_linux","13","minutes","0.006","0.078","0.078","0","alexvojproc","secureblue","secureblue",".github/workflows/checksum.yml",""
"2026-01-02","actions","actions_linux","1","minutes","0.006","0.006","0.006","0","dependabot[bot]","secureblue","trivalent-subresource-filter","dynamic/dependabot/dependabot-updates",""
"2026-01-02","actions","actions_linux","1","minutes","0.006","0.006","0.006","0","fuchskurt","secureblue","secureblue",".github/workflows/automod.yml",""
"2026-01-02","actions","actions_linux","1","minutes","0.006","0.006","0.006","0","RoyalOughtness","secureblue","selinux-policy",".github/workflows/upstream-sync.yml",""
"2026-01-02","actions","actions_linux","133","minutes","0.006","0.798","0.798","0","HastD","secureblue","secureblue",".github/workflows/pr_build_minimal.yml",""
"2026-01-02","actions","actions_linux","1","minutes","0.006","0.006","0.006","0","dependabot[bot]","secureblue","trivalent-chromium-clean-source","dynamic/dependabot/dependabot-updates",""
"2026-01-02","actions","actions_linux","1","minutes","0.006","0.006","0.006","0","dependabot[bot]","secureblue","selinux-policy","dynamic/dependabot/dependabot-updates",""
"2026-01-02","actions","actions_linux","1","minutes","0.006","0.006","0.006","0","fuchskurt","secureblue","secureblue",".github/workflows/zizmor.yml",""
"2026-01-02","actions","actions_linux","1","minutes","0.006","0.006","0.006","0","fuchskurt","secureblue","secureblue",".github/workflows/justlint.yml",""
"2026-01-02","actions","actions_linux","1","minutes","0.006","0.006","0.006","0","fuchskurt","secureblue","secureblue",".github/workflows/tests.yml",""
"2026-01-02","actions","actions_linux","1","minutes","0.006","0.006","0.006","0","fuchskurt","secureblue","secureblue",".github/workflows/validate_exec_bit.yml",""
"2026-01-02","actions","actions_linux","1","minutes","0.006","0.006","0.006","0","fuchskurt","secureblue","secureblue",".github/workflows/checksum.yml",""
"2026-01-02","actions","actions_linux","1","minutes","0.006","0.006","0.006","0","dependabot[bot]","secureblue","rpm-repo-worker","dynamic/dependabot/dependabot-updates",""
"2026-01-02","actions","actions_linux","7","minutes","0.006","0.041999999999999996","0.041999999999999996","0","copilot-pull-request-reviewer[bot]","secureblue","secureblue","dynamic/copilot-pull-request-reviewer/copilot-pull-request-reviewer",""
"2026-01-02","actions","actions_linux","5","minutes","0.006","0.03","0.03","0","github-advanced-security[bot]","secureblue","secureblue","dynamic/github-code-scanning/codeql",""
"2026-01-02","actions","actions_linux","95","minutes","0.006","0.57","0.57","0","HastD","secureblue","secureblue",".github/workflows/pr_build_all_main.yml",""
"2026-01-02","actions","actions_linux","38","minutes","0.006","0.22799999999999998","0.22799999999999998","0","HastD","secureblue","secureblue",".github/workflows/pr_build_nvidia.yml",""
"2026-01-02","actions","actions_linux","2","minutes","0.006","0.012","0.012","0","TheHooly","secureblue","secureblue",".github/workflows/automod.yml",""
"2026-01-02","actions","actions_linux","3","minutes","0.006","0.018000000000000002","0.018000000000000002","0","HastD","secureblue","secureblue",".github/workflows/linkspector.yml",""
"2026-01-02","actions","actions_linux","3","minutes","0.006","0.018000000000000002","0.018000000000000002","0","HastD","secureblue","secureblue",".github/workflows/tests.yml",""
"2026-01-02","actions","actions_linux","1","minutes","0.006","0.006","0.006","0","fuchskurt","secureblue","secureblue",".github/workflows/linkspector.yml",""
"2026-01-02","actions","actions_linux","3","minutes","0.006","0.018000000000000002","0.018000000000000002","0","HastD","secureblue","secureblue",".github/workflows/checksum.yml",""
"2026-01-02","actions","actions_linux","1","minutes","0.006","0.006","0.006","0","dependabot[bot]","secureblue","architecture","dynamic/dependabot/dependabot-updates",""
"2026-01-02","actions","actions_linux","2","minutes","0.006","0.012","0.012","0","RoyalOughtness","secureblue","secureblue",".github/workflows/provenance.yml",""
"2026-01-02","actions","actions_linux","3","minutes","0.006","0.018000000000000002","0.018000000000000002","0","HastD","secureblue","secureblue",".github/workflows/validate_exec_bit.yml",""
"2026-01-02","actions","actions_linux","1","minutes","0.006","0.006","0.006","0","RoyalOughtness","secureblue","secureblue",".github/workflows/linkspector.yml",""
"2026-01-02","actions","actions_storage","0.0008357039999999997","gigabyte-hours","0.00033602","2.6400000000000003E-07","2.6400000000000003E-07","0","","secureblue","bootc-integration-test-action","",""
"2026-01-02","actions","actions_storage","0.004052087999999998","gigabyte-hours","0.00033602","1.3439999999999995E-06","1.3439999999999995E-06","0","","secureblue","selinux-policy","",""
"2026-01-02","actions","actions_storage","0.0007840800000000004","gigabyte-hours","0.00033602","2.400000000000001E-07","2.400000000000001E-07","0","","secureblue","trivalent-subresource-filter","",""
"2026-01-02","actions","actions_storage","0.003607032000000001","gigabyte-hours","0.00033602","1.1999999999999993E-06","1.1999999999999993E-06","0","","secureblue","rpm-repo-worker","",""
"2026-01-02","actions","actions_storage","742.2597130510002","gigabyte-hours","0.00033602","0.249414097","0.249414097","0","","secureblue","Trivalent","",""
"2026-01-02","actions","actions_storage","0.0003915360000000001","gigabyte-hours","0.00033602","1.2000000000000004E-07","1.2000000000000004E-07","0","","secureblue","trivalent-chromium-clean-source","",""
"2026-01-02","actions","actions_storage","0.0010585440000000002","gigabyte-hours","0.00033602","3.359999999999999E-07","3.359999999999999E-07","0","","secureblue","selinux-policy-rpm","",""
"2026-01-02","actions","actions_storage","0.003072312000000001","gigabyte-hours","0.00033602","1.0320000000000007E-06","1.0320000000000007E-06","0","","secureblue","render-isos","",""
"2026-01-02","actions","actions_storage","0.022552575999999998","gigabyte-hours","0.00033602","7.569999999999999E-06","7.569999999999999E-06","0","","secureblue","secureblue","",""
"2026-01-02","actions","actions_storage","0.003622512000000002","gigabyte-hours","0.00033602","1.1999999999999993E-06","1.1999999999999993E-06","0","","secureblue","approvals-action","",""
"2026-01-03","actions","actions_linux","2","minutes","0.006","0.012","0.012","0","RoyalOughtness","secureblue","secureblue",".github/workflows/scorecard.yml",""
"2026-01-03","actions","actions_linux","1","minutes","0.006","0.006","0.006","0","Ganwtrs","secureblue","secureblue",".github/workflows/automod.yml",""
"2026-01-03","actions","actions_linux","1","minutes","0.006","0.006","0.006","0","RoyalOughtness","secureblue","selinux-policy",".github/workflows/upstream-sync.yml",""
"2026-01-03","actions","actions_linux","7","minutes","0.006","0.041999999999999996","0.041999999999999996","0","Alifoss","secureblue","secureblue",".github/workflows/automod.yml",""
"2026-01-03","actions","actions_linux","384","minutes","0.006","2.3040000000000003","2.3040000000000003","0","HastD","secureblue","secureblue",".github/workflows/pr_build_all_main.yml",""
"2026-01-03","actions","actions_linux","3","minutes","0.006","0.018000000000000002","0.018000000000000002","0","RoyalOughtness","secureblue","secureblue",".github/workflows/trivy.yml",""
"2026-01-03","actions","actions_linux","2","minutes","0.006","0.012","0.012","0","byteme-git","secureblue","secureblue",".github/workflows/automod.yml",""
"2026-01-03","actions","actions_linux","17","minutes","0.006","0.102","0.102","0","RoyalOughtness","secureblue","secureblue",".github/workflows/integration_tests.yml",""
"2026-01-03","actions","actions_linux","12","minutes","0.006","0.07200000000000001","0.07200000000000001","0","RoyalOughtness","secureblue","secureblue","dynamic/github-code-scanning/codeql",""
"2026-01-03","actions","actions_linux","1","minutes","0.006","0.006","0.006","0","alexvojproc","secureblue","secureblue",".github/workflows/validate_exec_bit.yml",""
"2026-01-03","actions","actions_linux","1","minutes","0.006","0.006","0.006","0","alexvojproc","secureblue","secureblue",".github/workflows/tests.yml",""
"2026-01-03","actions","actions_linux","2","minutes","0.006","0.012","0.012","0","RoyalOughtness","secureblue","secureblue",".github/workflows/provenance.yml",""
"2026-01-03","actions","actions_linux","1","minutes","0.006","0.006","0.006","0","RKNF404","secureblue","Trivalent",".github/workflows/zizmor.yml",""
"2026-01-03","actions","actions_linux","2","minutes","0.006","0.012","0.012","0","tpaau","secureblue","secureblue",".github/workflows/automod.yml",""
"2026-01-03","actions","actions_linux","1","minutes","0.006","0.006","0.006","0","alexvojproc","secureblue","secureblue",".github/workflows/linkspector.yml",""
"2026-01-03","actions","actions_linux","5","minutes","0.006","0.03","0.03","0","RoyalOughtness","secureblue","secureblue",".github/workflows/automod.yml",""
"2026-01-03","actions","actions_linux","1","minutes","0.006","0.006","0.006","0","HastD","secureblue","secureblue",".github/workflows/justlint.yml",""
"2026-01-03","actions","actions_linux","1","minutes","0.006","0.006","0.006","0","HastD","secureblue","secureblue",".github/workflows/ruff.yml",""
"2026-01-03","actions","actions_linux","1","minutes","0.006","0.006","0.006","0","alexvojproc","secureblue","secureblue",".github/workflows/checksum.yml",""
"2026-01-03","actions","actions_linux","5","minutes","0.006","0.03","0.03","0","alexvojproc","secureblue","secureblue",".github/workflows/automod.yml",""
"2026-01-03","actions","actions_linux","180","minutes","0.006","1.08","1.08","0","HastD","secureblue","secureblue",".github/workflows/pr_build_minimal.yml",""
"2026-01-03","actions","actions_linux","1","minutes","0.006","0.006","0.006","0","alexvojproc","secureblue","secureblue",".github/workflows/zizmor.yml",""
"2026-01-03","actions","actions_linux","1","minutes","0.006","0.006","0.006","0","github-advanced-security[bot]","secureblue","Trivalent","dynamic/github-code-scanning/codeql",""
"2026-01-03","actions","actions_linux","2320","minutes","0.006","13.920000000000028","13.920000000000028","0","RoyalOughtness","secureblue","secureblue",".github/workflows/build-all.yml",""
"2026-01-03","actions","actions_linux","1","minutes","0.006","0.006","0.006","0","alexvojproc","secureblue","secureblue",".github/workflows/ruff.yml",""
"2026-01-03","actions","actions_linux","1","minutes","0.006","0.006","0.006","0","github-advanced-security[bot]","secureblue","architecture","dynamic/github-code-scanning/codeql",""
"2026-01-03","actions","actions_linux","4","minutes","0.006","0.024","0.024","0","HastD","secureblue","secureblue",".github/workflows/checksum.yml",""
"2026-01-03","actions","actions_linux","4","minutes","0.006","0.024","0.024","0","HastD","secureblue","secureblue",".github/workflows/validate_exec_bit.yml",""
"2026-01-03","actions","actions_linux","4","minutes","0.006","0.024","0.024","0","HastD","secureblue","secureblue",".github/workflows/linkspector.yml",""
"2026-01-03","actions","actions_linux","2","minutes","0.006","0.012","0.012","0","RoyalOughtness","secureblue","secureblue",".github/workflows/zizmor.yml",""
"2026-01-03","actions","actions_linux","4","minutes","0.006","0.024","0.024","0","HastD","secureblue","secureblue",".github/workflows/zizmor.yml",""
"2026-01-03","actions","actions_linux","4","minutes","0.006","0.024","0.024","0","HastD","secureblue","secureblue",".github/workflows/tests.yml",""
"2026-01-03","actions","actions_storage","0.003622512000000002","gigabyte-hours","0.00033602","1.1999999999999993E-06","1.1999999999999993E-06","0","","secureblue","approvals-action","",""
"2026-01-03","actions","actions_storage","0.0008357039999999997","gigabyte-hours","0.00033602","2.6400000000000003E-07","2.6400000000000003E-07","0","","secureblue","bootc-integration-test-action","",""
"2026-01-03","actions","actions_storage","0.003072312000000001","gigabyte-hours","0.00033602","1.0320000000000007E-06","1.0320000000000007E-06","0","","secureblue","render-isos","",""
"2026-01-03","actions","actions_storage","741.6925211390001","gigabyte-hours","0.00033602","0.24922350800000004","0.24922350800000004","0","","secureblue","Trivalent","",""
"2026-01-03","actions","actions_storage","0.004052087999999998","gigabyte-hours","0.00033602","1.3439999999999995E-06","1.3439999999999995E-06","0","","secureblue","selinux-policy","",""
"2026-01-03","actions","actions_storage","0.0010585440000000002","gigabyte-hours","0.00033602","3.359999999999999E-07","3.359999999999999E-07","0","","secureblue","selinux-policy-rpm","",""
"2026-01-03","actions","actions_storage","0.0003915360000000001","gigabyte-hours","0.00033602","1.2000000000000004E-07","1.2000000000000004E-07","0","","secureblue","trivalent-chromium-clean-source","",""
"2026-01-03","actions","actions_storage","0.022114393000000006","gigabyte-hours","0.00033602","7.417000000000002E-06","7.417000000000002E-06","0","","secureblue","secureblue","",""
"2026-01-03","actions","actions_storage","0.003607032000000001","gigabyte-hours","0.00033602","1.1999999999999993E-06","1.1999999999999993E-06","0","","secureblue","rpm-repo-worker","",""
"2026-01-03","actions","actions_storage","0.0007840800000000004","gigabyte-hours","0.00033602","2.400000000000001E-07","2.400000000000001E-07","0","","secureblue","trivalent-subresource-filter","",""
"2026-01-04","actions","actions_linux","2","minutes","0.006","0.012","0.012","0","alexvojproc","secureblue","secureblue",".github/workflows/ruff.yml",""
"2026-01-04","actions","actions_linux","7","minutes","0.006","0.041999999999999996","0.041999999999999996","0","HastD","secureblue","secureblue",".github/workflows/checksum.yml",""
"2026-01-04","actions","actions_linux","7","minutes","0.006","0.041999999999999996","0.041999999999999996","0","HastD","secureblue","secureblue",".github/workflows/validate_exec_bit.yml",""
"2026-01-04","actions","actions_linux","3","minutes","0.006","0.018000000000000002","0.018000000000000002","0","RoyalOughtness","secureblue","secureblue",".github/workflows/zizmor.yml",""
"2026-01-04","actions","actions_linux","1","minutes","0.006","0.006","0.006","0","github-advanced-security[bot]","secureblue","trivalent-subresource-filter","dynamic/github-code-scanning/codeql",""
"2026-01-04","actions","actions_linux","2","minutes","0.006","0.012","0.012","0","alexvojproc","secureblue","secureblue",".github/workflows/tests.yml",""
"2026-01-04","actions","actions_linux","2","minutes","0.006","0.012","0.012","0","alexvojproc","secureblue","secureblue",".github/workflows/checksum.yml",""
"2026-01-04","actions","actions_linux","1","minutes","0.006","0.006","0.006","0","RoyalOughtness","secureblue","selinux-policy",".github/workflows/upstream-sync.yml",""
"2026-01-04","actions","actions_linux","1","minutes","0.006","0.006","0.006","0","github-advanced-security[bot]","secureblue","selinux-policy-rpm","dynamic/github-code-scanning/codeql",""
"2026-01-04","actions","actions_linux","21","minutes","0.006","0.126","0.126","0","RoyalOughtness","secureblue","secureblue",".github/workflows/integration_tests.yml",""
"2026-01-04","actions","actions_linux","10","minutes","0.006","0.05999999999999999","0.05999999999999999","0","RoyalOughtness","secureblue","secureblue","dynamic/github-code-scanning/codeql",""
"2026-01-04","actions","actions_linux","7","minutes","0.006","0.041999999999999996","0.041999999999999996","0","HastD","secureblue","secureblue",".github/workflows/zizmor.yml",""
"2026-01-04","actions","actions_linux","1","minutes","0.006","0.006","0.006","0","topminipie","secureblue","secureblue",".github/workflows/automod.yml",""
"2026-01-04","actions","actions_linux","1","minutes","0.006","0.006","0.006","0","RoyalOughtness","secureblue","secureblue",".github/workflows/tests.yml",""
"2026-01-04","actions","actions_linux","134","minutes","0.006","0.804","0.804","0","alexvojproc","secureblue","secureblue",".github/workflows/pr_build_minimal.yml",""
"2026-01-04","actions","actions_linux","1","minutes","0.006","0.006","0.006","0","RoyalOughtness","secureblue","trivalent-subresource-filter",".github/workflows/rebuild.yml",""
"2026-01-04","actions","actions_linux","2","minutes","0.006","0.012","0.012","0","alexvojproc","secureblue","secureblue",".github/workflows/linkspector.yml",""
"2026-01-04","actions","actions_linux","2","minutes","0.006","0.012","0.012","0","RKNF404","secureblue","Trivalent",".github/workflows/zizmor.yml",""
"2026-01-04","actions","actions_linux","1","minutes","0.006","0.006","0.006","0","CzarnkowskiePiwo","secureblue","secureblue",".github/workflows/automod.yml",""
"2026-01-04","actions","actions_linux","1","minutes","0.006","0.006","0.006","0","RoyalOughtness","secureblue","secureblue",".github/workflows/validate_exec_bit.yml",""
"2026-01-04","actions","actions_linux","2","minutes","0.006","0.012","0.012","0","alexvojproc","secureblue","secureblue",".github/workflows/zizmor.yml",""
"2026-01-04","actions","actions_linux","39","minutes","0.006","0.23399999999999999","0.23399999999999999","0","HastD","secureblue","secureblue",".github/workflows/pr_build_nvidia.yml",""
"2026-01-04","actions","actions_linux","2","minutes","0.006","0.012","0.012","0","RoyalOughtness","secureblue","secureblue",".github/workflows/automod.yml",""
"2026-01-04","actions","actions_linux","2","minutes","0.006","0.012","0.012","0","RoyalOughtness","secureblue","secureblue",".github/workflows/scorecard.yml",""
"2026-01-04","actions","actions_linux","3","minutes","0.006","0.018000000000000002","0.018000000000000002","0","RoyalOughtness","secureblue","secureblue",".github/workflows/trivy.yml",""
"2026-01-04","actions","actions_linux","2","minutes","0.006","0.012","0.012","0","alexvojproc","secureblue","secureblue",".github/workflows/validate_exec_bit.yml",""
"2026-01-04","actions","actions_linux","1","minutes","0.006","0.006","0.006","0","RoyalOughtness","secureblue","secureblue",".github/workflows/ruff.yml",""
"2026-01-04","actions","actions_linux","203","minutes","0.006","1.218","1.218","0","HastD","secureblue","secureblue",".github/workflows/pr_build_minimal.yml",""
"2026-01-04","actions","actions_linux","1","minutes","0.006","0.006","0.006","0","RoyalOughtness","secureblue","secureblue",".github/workflows/linkspector.yml",""
"2026-01-04","actions","actions_linux","1","minutes","0.006","0.006","0.006","0","RoyalOughtness","secureblue","secureblue",".github/workflows/checksum.yml",""
"2026-01-04","actions","actions_linux","5","minutes","0.006","0.03","0.03","0","HastD","secureblue","secureblue",".github/workflows/tests.yml",""
"2026-01-04","actions","actions_linux","1608","minutes","0.006","9.648000000000014","9.648000000000014","0","RoyalOughtness","secureblue","secureblue",".github/workflows/build-all.yml",""
"2026-01-04","actions","actions_linux","5","minutes","0.006","0.03","0.03","0","HastD","secureblue","secureblue",".github/workflows/justlint.yml",""
"2026-01-04","actions","actions_linux","3","minutes","0.006","0.018000000000000002","0.018000000000000002","0","tpaau","secureblue","secureblue",".github/workflows/automod.yml",""
"2026-01-04","actions","actions_linux","5","minutes","0.006","0.03","0.03","0","HastD","secureblue","secureblue",".github/workflows/ruff.yml",""
"2026-01-04","actions","actions_linux","872","minutes","0.006","5.232","5.232","0","HastD","secureblue","secureblue",".github/workflows/pr_build_all_main.yml",""
"2026-01-04","actions","actions_linux","1","minutes","0.006","0.006","0.006","0","HastD","secureblue","secureblue",".github/workflows/automod.yml",""
"2026-01-04","actions","actions_linux","44","minutes","0.006","0.264","0.264","0","RoyalOughtness","secureblue","secureblue",".github/workflows/pr_build_minimal.yml",""
"2026-01-04","actions","actions_linux","1","minutes","0.006","0.006","0.006","0","github-advanced-security[bot]","secureblue","rpm-repo-worker","dynamic/github-code-scanning/codeql",""
"2026-01-04","actions","actions_linux","2","minutes","0.006","0.012","0.012","0","RoyalOughtness","secureblue","secureblue",".github/workflows/provenance.yml",""
"2026-01-04","actions","actions_linux","61","minutes","0.006","0.366","0.366","0","RoyalOughtness","secureblue","secureblue",".github/workflows/cleanup.yml",""
"2026-01-04","actions","actions_linux","7","minutes","0.006","0.041999999999999996","0.041999999999999996","0","HastD","secureblue","secureblue",".github/workflows/linkspector.yml",""
"2026-01-04","actions","actions_linux","2","minutes","0.006","0.012","0.012","0","github-advanced-security[bot]","secureblue","selinux-policy","dynamic/github-code-scanning/codeql",""
"2026-01-04","actions","actions_storage","0.0008357039999999997","gigabyte-hours","0.00033602","2.6400000000000003E-07","2.6400000000000003E-07","0","","secureblue","bootc-integration-test-action","",""
"2026-01-04","actions","actions_storage","0.0007840800000000004","gigabyte-hours","0.00033602","2.400000000000001E-07","2.400000000000001E-07","0","","secureblue","trivalent-subresource-filter","",""
"2026-01-04","actions","actions_storage","0.0010585440000000002","gigabyte-hours","0.00033602","3.359999999999999E-07","3.359999999999999E-07","0","","secureblue","selinux-policy-rpm","",""
"2026-01-04","actions","actions_storage","0.003622512000000002","gigabyte-hours","0.00033602","1.1999999999999993E-06","1.1999999999999993E-06","0","","secureblue","approvals-action","",""
"2026-01-04","actions","actions_storage","0.022417574000000003","gigabyte-hours","0.00033602","7.527000000000001E-06","7.527000000000001E-06","0","","secureblue","secureblue","",""
"2026-01-04","actions","actions_storage","0.003607032000000001","gigabyte-hours","0.00033602","1.1999999999999993E-06","1.1999999999999993E-06","0","","secureblue","rpm-repo-worker","",""
"2026-01-04","actions","actions_storage","0.004052087999999998","gigabyte-hours","0.00033602","1.3439999999999995E-06","1.3439999999999995E-06","0","","secureblue","selinux-policy","",""
"2026-01-04","actions","actions_storage","590.357101131","gigabyte-hours","0.00033602","0.19837177199999995","0.19837177199999995","0","","secureblue","Trivalent","",""
"2026-01-04","actions","actions_storage","0.0003915360000000001","gigabyte-hours","0.00033602","1.2000000000000004E-07","1.2000000000000004E-07","0","","secureblue","trivalent-chromium-clean-source","",""
"2026-01-04","actions","actions_storage","0.003072312000000001","gigabyte-hours","0.00033602","1.0320000000000007E-06","1.0320000000000007E-06","0","","secureblue","render-isos","",""
"2026-01-05","actions","actions_linux","1","minutes","0.006","0.006","0.006","0","github-advanced-security[bot]","secureblue","bootc-integration-test-action","dynamic/github-code-scanning/codeql",""
"2026-01-05","actions","actions_linux","1","minutes","0.006","0.006","0.006","0","RoyalOughtness","secureblue","secureblue",".github/workflows/validate_exec_bit.yml",""
"2026-01-05","actions","actions_linux","1","minutes","0.006","0.006","0.006","0","RoyalOughtness","secureblue","secureblue",".github/workflows/checksum.yml",""
"2026-01-05","actions","actions_linux","1","minutes","0.006","0.006","0.006","0","RoyalOughtness","secureblue","secureblue",".github/workflows/linkspector.yml",""
"2026-01-05","actions","actions_linux","1","minutes","0.006","0.006","0.006","0","RoyalOughtness","secureblue","secureblue",".github/workflows/tests.yml",""
"2026-01-05","actions","actions_linux","1","minutes","0.006","0.006","0.006","0","tpaau","secureblue","secureblue",".github/workflows/tests.yml",""
"2026-01-05","actions","actions_linux","1","minutes","0.006","0.006","0.006","0","dependabot[bot]","secureblue","bootc-integration-test-action","dynamic/dependabot/dependabot-updates",""
"2026-01-05","actions","actions_linux","10","minutes","0.006","0.05999999999999999","0.05999999999999999","0","HastD","secureblue","secureblue",".github/workflows/checksum.yml",""
"2026-01-05","actions","actions_linux","1","minutes","0.006","0.006","0.006","0","tpaau","secureblue","secureblue",".github/workflows/zizmor.yml",""
"2026-01-05","actions","actions_linux","44","minutes","0.006","0.264","0.264","0","RoyalOughtness","secureblue","secureblue",".github/workflows/pr_build_minimal.yml",""
"2026-01-05","actions","actions_linux","2","minutes","0.006","0.012","0.012","0","RoyalOughtness","secureblue","secureblue",".github/workflows/provenance.yml",""
"2026-01-05","actions","actions_linux","10","minutes","0.006","0.05999999999999999","0.05999999999999999","0","HastD","secureblue","secureblue",".github/workflows/zizmor.yml",""
"2026-01-05","actions","actions_linux","3","minutes","0.006","0.018000000000000002","0.018000000000000002","0","RoyalOughtness","secureblue","secureblue",".github/workflows/zizmor.yml",""
"2026-01-05","actions","actions_linux","10","minutes","0.006","0.05999999999999999","0.05999999999999999","0","HastD","secureblue","secureblue",".github/workflows/tests.yml",""
"2026-01-05","actions","actions_linux","1","minutes","0.006","0.006","0.006","0","tpaau","secureblue","secureblue",".github/workflows/validate_exec_bit.yml",""
"2026-01-05","actions","actions_linux","10","minutes","0.006","0.05999999999999999","0.05999999999999999","0","HastD","secureblue","secureblue",".github/workflows/validate_exec_bit.yml",""
"2026-01-05","actions","actions_linux","1","minutes","0.006","0.006","0.006","0","tpaau","secureblue","secureblue",".github/workflows/checksum.yml",""
"2026-01-05","actions","actions_linux","1","minutes","0.006","0.006","0.006","0","dependabot[bot]","secureblue","selinux-policy-rpm","dynamic/dependabot/dependabot-updates",""
"2026-01-05","actions","actions_linux","1","minutes","0.006","0.006","0.006","0","github-advanced-security[bot]","secureblue","render-isos","dynamic/github-code-scanning/codeql",""
"2026-01-05","actions","actions_linux","4","minutes","0.006","0.024","0.024","0","RoyalOughtness","secureblue","secureblue",".github/workflows/scorecard.yml",""
"2026-01-05","actions","actions_linux","4","minutes","0.006","0.024","0.024","0","RoyalOughtness","secureblue","secureblue",".github/workflows/trivy.yml",""
"2026-01-05","actions","actions_linux","1","minutes","0.006","0.006","0.006","0","dependabot[bot]","secureblue","render-isos","dynamic/dependabot/dependabot-updates",""
"2026-01-05","actions","actions_linux","1","minutes","0.006","0.006","0.006","0","dependabot[bot]","secureblue","trivalent-subresource-filter","dynamic/dependabot/dependabot-updates",""
"2026-01-05","actions","actions_linux","1","minutes","0.006","0.006","0.006","0","RoyalOughtness","secureblue","secureblue",".github/workflows/update-po.yml",""
"2026-01-05","actions","actions_linux","5","minutes","0.006","0.03","0.03","0","github-actions[bot]","secureblue","secureblue","dynamic/github-code-scanning/codeql",""
"2026-01-05","actions","actions_linux","4","minutes","0.006","0.024","0.024","0","RoyalOughtness","secureblue","secureblue",".github/workflows/automod.yml",""
"2026-01-05","actions","actions_linux","10","minutes","0.006","0.05999999999999999","0.05999999999999999","0","HastD","secureblue","secureblue",".github/workflows/linkspector.yml",""
"2026-01-05","actions","actions_linux","759","minutes","0.006","4.553999999999996","4.553999999999996","0","HastD","secureblue","secureblue",".github/workflows/build-all.yml",""
"2026-01-05","actions","actions_linux","5","minutes","0.006","0.03","0.03","0","GenEmSec","secureblue","secureblue",".github/workflows/automod.yml",""
"2026-01-05","actions","actions_linux","15","minutes","0.006","0.09000000000000001","0.09000000000000001","0","RoyalOughtness","secureblue","secureblue","dynamic/github-code-scanning/codeql",""
"2026-01-05","actions","actions_linux","40","minutes","0.006","0.24","0.24","0","RoyalOughtness","secureblue","secureblue",".github/workflows/integration_tests.yml",""
"2026-01-05","actions","actions_linux","3441","minutes","0.006","20.64600000000005","20.64600000000005","0","RoyalOughtness","secureblue","secureblue",".github/workflows/build-all.yml",""
"2026-01-05","actions","actions_linux","1182","minutes","0.006","7.0920000000000005","7.0920000000000005","0","HastD","secureblue","secureblue",".github/workflows/pr_build_all_main.yml",""
"2026-01-05","actions","actions_linux","331","minutes","0.006","1.9860000000000002","1.9860000000000002","0","HastD","secureblue","secureblue",".github/workflows/pr_build_minimal.yml",""
"2026-01-05","actions","actions_linux","4","minutes","0.006","0.024","0.024","0","HastD","secureblue","secureblue",".github/workflows/ruff.yml",""
"2026-01-05","actions","actions_linux","4","minutes","0.006","0.024","0.024","0","HastD","secureblue","secureblue",".github/workflows/justlint.yml",""
"2026-01-05","actions","actions_linux","1","minutes","0.006","0.006","0.006","0","dependabot[bot]","secureblue","rpm-repo-worker","dynamic/dependabot/dependabot-updates",""
"2026-01-05","actions","actions_linux","1","minutes","0.006","0.006","0.006","0","RoyalOughtness","secureblue","selinux-policy",".github/workflows/upstream-sync.yml",""
"2026-01-05","actions","actions_linux","1","minutes","0.006","0.006","0.006","0","dependabot[bot]","secureblue","trivalent-chromium-clean-source","dynamic/dependabot/dependabot-updates",""
"2026-01-05","actions","actions_linux","1","minutes","0.006","0.006","0.006","0","github-advanced-security[bot]","secureblue","trivalent-chromium-clean-source","dynamic/github-code-scanning/codeql",""
"2026-01-05","actions","actions_linux","1","minutes","0.006","0.006","0.006","0","dependabot[bot]","secureblue","selinux-policy","dynamic/dependabot/dependabot-updates",""
"2026-01-05","actions","actions_linux","1","minutes","0.006","0.006","0.006","0","dependabot[bot]","secureblue","secureblue",".github/workflows/linkspector.yml",""
"2026-01-05","actions","actions_linux","1","minutes","0.006","0.006","0.006","0","dependabot[bot]","secureblue","secureblue",".github/workflows/zizmor.yml",""
"2026-01-05","actions","actions_linux","4","minutes","0.006","0.024","0.024","0","dependabot[bot]","secureblue","secureblue",".github/workflows/pr_build_minimal.yml",""
"2026-01-05","actions","actions_linux","1","minutes","0.006","0.006","0.006","0","dependabot[bot]","secureblue","secureblue",".github/workflows/tests.yml",""
"2026-01-05","actions","actions_linux","1","minutes","0.006","0.006","0.006","0","dependabot[bot]","secureblue","secureblue",".github/workflows/checksum.yml",""
"2026-01-05","actions","actions_linux","1","minutes","0.006","0.006","0.006","0","dependabot[bot]","secureblue","secureblue",".github/workflows/validate_exec_bit.yml",""
"2026-01-05","actions","actions_linux","5","minutes","0.006","0.03","0.03","0","dependabot[bot]","secureblue","secureblue","dynamic/dependabot/dependabot-updates",""
"2026-01-05","actions","actions_linux","1","minutes","0.006","0.006","0.006","0","tpaau","secureblue","secureblue",".github/workflows/pr_build_minimal.yml",""
"2026-01-05","actions","actions_linux","2","minutes","0.006","0.012","0.012","0","dependabot[bot]","secureblue","Trivalent","dynamic/dependabot/dependabot-updates",""
"2026-01-05","actions","actions_linux","1","minutes","0.006","0.006","0.006","0","tpaau","secureblue","secureblue",".github/workflows/linkspector.yml",""
"2026-01-05","actions","actions_storage","576.9300323669999","gigabyte-hours","0.00033602","0.19386002600000013","0.19386002600000013","0","","secureblue","Trivalent","",""
"2026-01-05","actions","actions_storage","0.0010585440000000002","gigabyte-hours","0.00033602","3.359999999999999E-07","3.359999999999999E-07","0","","secureblue","selinux-policy-rpm","",""
"2026-01-05","actions","actions_storage","0.0008357039999999997","gigabyte-hours","0.00033602","2.6400000000000003E-07","2.6400000000000003E-07","0","","secureblue","bootc-integration-test-action","",""
"2026-01-05","actions","actions_storage","0.004052087999999998","gigabyte-hours","0.00033602","1.3439999999999995E-06","1.3439999999999995E-06","0","","secureblue","selinux-policy","",""
"2026-01-05","actions","actions_storage","0.0007840800000000004","gigabyte-hours","0.00033602","2.400000000000001E-07","2.400000000000001E-07","0","","secureblue","trivalent-subresource-filter","",""
"2026-01-05","actions","actions_storage","0.021568179000000003","gigabyte-hours","0.00033602","7.2419999999999994E-06","7.2419999999999994E-06","0","","secureblue","secureblue","",""
"2026-01-05","actions","actions_storage","0.003607032000000001","gigabyte-hours","0.00033602","1.1999999999999993E-06","1.1999999999999993E-06","0","","secureblue","rpm-repo-worker","",""
"2026-01-05","actions","actions_storage","0.003072312000000001","gigabyte-hours","0.00033602","1.0320000000000007E-06","1.0320000000000007E-06","0","","secureblue","render-isos","",""
"2026-01-05","actions","actions_storage","0.003622512000000002","gigabyte-hours","0.00033602","1.1999999999999993E-06","1.1999999999999993E-06","0","","secureblue","approvals-action","",""
"2026-01-05","actions","actions_storage","0.0003915360000000001","gigabyte-hours","0.00033602","1.2000000000000004E-07","1.2000000000000004E-07","0","","secureblue","trivalent-chromium-clean-source","",""
"2026-01-06","actions","actions_linux","748","minutes","0.006","4.487999999999996","4.487999999999996","0","RoyalOughtness","secureblue","secureblue",".github/workflows/pr_build_all_main.yml",""
"2026-01-06","actions","actions_linux","21","minutes","0.006","0.12600000000000003","0.12600000000000003","0","RoyalOughtness","secureblue","secureblue",".github/workflows/tests.yml",""
"2026-01-06","actions","actions_linux","22","minutes","0.006","0.13200000000000003","0.13200000000000003","0","RoyalOughtness","secureblue","secureblue",".github/workflows/zizmor.yml",""
"2026-01-06","actions","actions_linux","21","minutes","0.006","0.12600000000000003","0.12600000000000003","0","RoyalOughtness","secureblue","secureblue",".github/workflows/linkspector.yml",""
"2026-01-06","actions","actions_linux","1691","minutes","0.006","10.146000000000011","10.146000000000011","0","RoyalOughtness","secureblue","secureblue",".github/workflows/build-all.yml",""
"2026-01-06","actions","actions_linux","1","minutes","0.006","0.006","0.006","0","dependabot[bot]","secureblue","rpm-repo-worker","dynamic/dependabot/dependabot-updates",""
"2026-01-06","actions","actions_linux","71","minutes","0.006","0.426","0.426","0","RoyalOughtness","secureblue","secureblue",".github/workflows/pr_build_nvidia.yml",""
"2026-01-06","actions","actions_linux","19","minutes","0.006","0.114","0.114","0","RoyalOughtness","secureblue","secureblue",".github/workflows/integration_tests.yml",""
"2026-01-06","actions","actions_linux","27","minutes","0.006","0.162","0.162","0","RoyalOughtness","secureblue","secureblue",".github/workflows/pr_build_zfs.yml",""
"2026-01-06","actions","actions_linux","819","minutes","0.006","4.913999999999999","4.913999999999999","0","HastD","secureblue","secureblue",".github/workflows/build-all.yml",""
"2026-01-06","actions","actions_linux","1","minutes","0.006","0.006","0.006","0","RKNF404","secureblue","Trivalent",".github/workflows/scorecard.yml",""
"2026-01-06","actions","actions_linux","2","minutes","0.006","0.012","0.012","0","RoyalOughtness","secureblue","secureblue",".github/workflows/scorecard.yml",""
"2026-01-06","actions","actions_linux","21","minutes","0.006","0.12600000000000003","0.12600000000000003","0","RoyalOughtness","secureblue","secureblue",".github/workflows/validate_exec_bit.yml",""
"2026-01-06","actions","actions_linux","1","minutes","0.006","0.006","0.006","0","dependabot[bot]","secureblue","trivalent-subresource-filter","dynamic/dependabot/dependabot-updates",""
"2026-01-06","actions","actions_linux","21","minutes","0.006","0.12600000000000003","0.12600000000000003","0","RoyalOughtness","secureblue","secureblue",".github/workflows/checksum.yml",""
"2026-01-06","actions","actions_linux","2","minutes","0.006","0.012","0.012","0","RoyalOughtness","secureblue","secureblue",".github/workflows/trivy.yml",""
"2026-01-06","actions","actions_linux","1","minutes","0.006","0.006","0.006","0","RoyalOughtness","secureblue","secureblue",".github/workflows/update-modules.yml",""
"2026-01-06","actions","actions_linux","5","minutes","0.006","0.03","0.03","0","RoyalOughtness","secureblue","secureblue","dynamic/github-code-scanning/codeql",""
"2026-01-06","actions","actions_linux","2","minutes","0.006","0.012","0.012","0","RKNF404","secureblue","Trivalent",".github/workflows/zizmor.yml",""
"2026-01-06","actions","actions_linux","2","minutes","0.006","0.012","0.012","0","RoyalOughtness","secureblue","secureblue",".github/workflows/provenance.yml",""
"2026-01-06","actions","actions_linux","1","minutes","0.006","0.006","0.006","0","RoyalOughtness","secureblue","Trivalent",".github/workflows/zizmor.yml",""
"2026-01-06","actions","actions_linux","5","minutes","0.006","0.03","0.03","0","github-actions[bot]","secureblue","secureblue","dynamic/github-code-scanning/codeql",""
"2026-01-06","actions","actions_linux","2","minutes","0.006","0.012","0.012","0","dependabot[bot]","secureblue","Trivalent","dynamic/dependabot/dependabot-updates",""
"2026-01-06","actions","actions_linux","1","minutes","0.006","0.006","0.006","0","RoyalOughtness","secureblue","selinux-policy",".github/workflows/upstream-sync.yml",""
"2026-01-06","actions","actions_linux","1","minutes","0.006","0.006","0.006","0","dependabot[bot]","secureblue","trivalent-chromium-clean-source","dynamic/dependabot/dependabot-updates",""
"2026-01-06","actions","actions_linux","1","minutes","0.006","0.006","0.006","0","dependabot[bot]","secureblue","selinux-policy","dynamic/dependabot/dependabot-updates",""
"2026-01-06","actions","actions_linux","1","minutes","0.006","0.006","0.006","0","dependabot[bot]","secureblue","render-isos","dynamic/dependabot/dependabot-updates",""
"2026-01-06","actions","actions_linux","3","minutes","0.006","0.018000000000000002","0.018000000000000002","0","RoyalOughtness","secureblue","Trivalent",".github/workflows/scorecard.yml",""
"2026-01-06","actions","actions_linux","2","minutes","0.006","0.012","0.012","0","RoyalOughtness","secureblue","Trivalent","dynamic/github-code-scanning/codeql",""
"2026-01-06","actions","actions_linux","29","minutes","0.006","0.17400000000000002","0.17400000000000002","0","RoyalOughtness","secureblue","Trivalent",".github/workflows/build_x86_64.yml",""
"2026-01-06","actions","actions_linux","1","minutes","0.006","0.006","0.006","0","dependabot[bot]","secureblue","bootc-integration-test-action","dynamic/dependabot/dependabot-updates",""
"2026-01-06","actions","actions_linux","2","minutes","0.006","0.012","0.012","0","GenEmSec","secureblue","secureblue",".github/workflows/automod.yml",""
"2026-01-06","actions","actions_linux","2","minutes","0.006","0.012","0.012","0","dependabot[bot]","secureblue","secureblue","dynamic/dependabot/dependabot-updates",""
"2026-01-06","actions","actions_linux","302","minutes","0.006","1.8120000000000003","1.8120000000000003","0","RoyalOughtness","secureblue","secureblue",".github/workflows/pr_build_minimal.yml",""
"2026-01-06","actions","actions_linux","1","minutes","0.006","0.006","0.006","0","RKNF404","secureblue","Trivalent","dynamic/github-code-scanning/codeql",""
"2026-01-06","actions","actions_linux","1","minutes","0.006","0.006","0.006","0","dependabot[bot]","secureblue","selinux-policy-rpm","dynamic/dependabot/dependabot-updates",""
"2026-01-06","actions","actions_linux_arm","6","minutes","0.005","0.03","0.03","0","RoyalOughtness","secureblue","Trivalent",".github/workflows/build_aarch64.yml",""
"2026-01-06","actions","actions_self_hosted_linux","84","minutes","0","0","0","0","RoyalOughtness","secureblue","Trivalent",".github/workflows/build_x86_64.yml",""
"2026-01-06","actions","actions_storage","0.0007840800000000004","gigabyte-hours","0.00033602","2.400000000000001E-07","2.400000000000001E-07","0","","secureblue","trivalent-subresource-filter","",""
"2026-01-06","actions","actions_storage","583.22294948","gigabyte-hours","0.00033602","0.19597457100000001","0.19597457100000001","0","","secureblue","Trivalent","",""
"2026-01-06","actions","actions_storage","0.003622512000000002","gigabyte-hours","0.00033602","1.1999999999999993E-06","1.1999999999999993E-06","0","","secureblue","approvals-action","",""
"2026-01-06","actions","actions_storage","0.003607032000000001","gigabyte-hours","0.00033602","1.1999999999999993E-06","1.1999999999999993E-06","0","","secureblue","rpm-repo-worker","",""
"2026-01-06","actions","actions_storage","0.021308759000000004","gigabyte-hours","0.00033602","7.1429999999999975E-06","7.1429999999999975E-06","0","","secureblue","secureblue","",""
"2026-01-06","actions","actions_storage","0.0008357039999999997","gigabyte-hours","0.00033602","2.6400000000000003E-07","2.6400000000000003E-07","0","","secureblue","bootc-integration-test-action","",""
"2026-01-06","actions","actions_storage","0.003072312000000001","gigabyte-hours","0.00033602","1.0320000000000007E-06","1.0320000000000007E-06","0","","secureblue","render-isos","",""
"2026-01-06","actions","actions_storage","0.0010585440000000002","gigabyte-hours","0.00033602","3.359999999999999E-07","3.359999999999999E-07","0","","secureblue","selinux-policy-rpm","",""
"2026-01-06","actions","actions_storage","0.0003915360000000001","gigabyte-hours","0.00033602","1.2000000000000004E-07","1.2000000000000004E-07","0","","secureblue","trivalent-chromium-clean-source","",""
"2026-01-06","actions","actions_storage","0.004052087999999998","gigabyte-hours","0.00033602","1.3439999999999995E-06","1.3439999999999995E-06","0","","secureblue","selinux-policy","",""
"2026-01-07","actions","actions_linux","4","minutes","0.006","0.024","0.024","0","dependabot[bot]","secureblue","Trivalent","dynamic/dependabot/dependabot-updates",""
"2026-01-07","actions","actions_linux","1","minutes","0.006","0.006","0.006","0","dependabot[bot]","secureblue","trivalent-subresource-filter","dynamic/dependabot/dependabot-updates",""
"2026-01-07","actions","actions_linux","2","minutes","0.006","0.012","0.012","0","dependabot[bot]","secureblue","rpm-repo-worker","dynamic/dependabot/dependabot-updates",""
"2026-01-07","actions","actions_linux","2","minutes","0.006","0.012","0.012","0","RoyalOughtness","secureblue","secureblue",".github/workflows/trivy.yml",""
"2026-01-07","actions","actions_linux","18","minutes","0.006","0.108","0.108","0","RoyalOughtness","secureblue","secureblue",".github/workflows/integration_tests.yml",""
"2026-01-07","actions","actions_linux","2237","minutes","0.006","13.422000000000022","13.422000000000022","0","RoyalOughtness","secureblue","secureblue",".github/workflows/build-all.yml",""
"2026-01-07","actions","actions_linux","1","minutes","0.006","0.006","0.006","0","RoyalOughtness","secureblue","secureblue",".github/workflows/automod.yml",""
"2026-01-07","actions","actions_linux","2","minutes","0.006","0.012","0.012","0","dependabot[bot]","secureblue","bootc-integration-test-action","dynamic/dependabot/dependabot-updates",""
"2026-01-07","actions","actions_linux","1","minutes","0.006","0.006","0.006","0","dependabot[bot]","secureblue","render-isos","dynamic/dependabot/dependabot-updates",""
"2026-01-07","actions","actions_linux","3","minutes","0.006","0.018000000000000002","0.018000000000000002","0","RoyalOughtness","secureblue","Trivalent",".github/workflows/build_aarch64.yml",""
"2026-01-07","actions","actions_linux","1","minutes","0.006","0.006","0.006","0","RoyalOughtness","secureblue","secureblue",".github/workflows/provenance.yml",""
"2026-01-07","actions","actions_linux","1","minutes","0.006","0.006","0.006","0","RKNF404","secureblue","Trivalent",".github/workflows/zizmor.yml",""
"2026-01-07","actions","actions_linux","1","minutes","0.006","0.006","0.006","0","dependabot[bot]","secureblue","selinux-policy","dynamic/dependabot/dependabot-updates",""
"2026-01-07","actions","actions_linux","1","minutes","0.006","0.006","0.006","0","dependabot[bot]","secureblue","trivalent-chromium-clean-source","dynamic/dependabot/dependabot-updates",""
"2026-01-07","actions","actions_linux","2","minutes","0.006","0.012","0.012","0","dependabot[bot]","secureblue","secureblue","dynamic/dependabot/dependabot-updates",""
"2026-01-07","actions","actions_linux","1","minutes","0.006","0.006","0.006","0","RoyalOughtness","secureblue","selinux-policy",".github/workflows/upstream-sync.yml",""
"2026-01-07","actions","actions_linux","2","minutes","0.006","0.012","0.012","0","dependabot[bot]","secureblue","selinux-policy-rpm","dynamic/dependabot/dependabot-updates",""
"2026-01-07","actions","actions_linux","1","minutes","0.006","0.006","0.006","0","RoyalOughtness","secureblue","trivalent-subresource-filter",".github/workflows/rebuild.yml",""
"2026-01-07","actions","actions_linux_arm","5","minutes","0.005","0.025","0.025","0","RoyalOughtness","secureblue","Trivalent",".github/workflows/build_aarch64.yml",""
"2026-01-07","actions","actions_self_hosted_linux","77","minutes","0","0","0","0","RoyalOughtness","secureblue","Trivalent",".github/workflows/build_aarch64.yml",""
"2026-01-07","actions","actions_storage","0.003072312000000001","gigabyte-hours","0.00033602","1.0320000000000007E-06","1.0320000000000007E-06","0","","secureblue","render-isos","",""
"2026-01-07","actions","actions_storage","0.0007840800000000004","gigabyte-hours","0.00033602","2.400000000000001E-07","2.400000000000001E-07","0","","secureblue","trivalent-subresource-filter","",""
"2026-01-07","actions","actions_storage","0.003622512000000002","gigabyte-hours","0.00033602","1.1999999999999993E-06","1.1999999999999993E-06","0","","secureblue","approvals-action","",""
"2026-01-07","actions","actions_storage","0.019121352000000005","gigabyte-hours","0.00033602","6.404999999999998E-06","6.404999999999998E-06","0","","secureblue","secureblue","",""
"2026-01-07","actions","actions_storage","744.5021153580002","gigabyte-hours","0.00033602","0.25016760000000016","0.25016760000000016","0","","secureblue","Trivalent","",""
"2026-01-07","actions","actions_storage","0.0010585440000000002","gigabyte-hours","0.00033602","3.359999999999999E-07","3.359999999999999E-07","0","","secureblue","selinux-policy-rpm","",""
"2026-01-07","actions","actions_storage","0.003607032000000001","gigabyte-hours","0.00033602","1.1999999999999993E-06","1.1999999999999993E-06","0","","secureblue","rpm-repo-worker","",""
"2026-01-07","actions","actions_storage","0.0008357039999999997","gigabyte-hours","0.00033602","2.6400000000000003E-07","2.6400000000000003E-07","0","","secureblue","bootc-integration-test-action","",""
"2026-01-07","actions","actions_storage","0.0003915360000000001","gigabyte-hours","0.00033602","1.2000000000000004E-07","1.2000000000000004E-07","0","","secureblue","trivalent-chromium-clean-source","",""
"2026-01-07","actions","actions_storage","0.004052087999999998","gigabyte-hours","0.00033602","1.3439999999999995E-06","1.3439999999999995E-06","0","","secureblue","selinux-policy","",""
"2026-01-08","actions","actions_linux","1","minutes","0.006","0.006","0.006","0","dependabot[bot]","secureblue","rpm-repo-worker","dynamic/dependabot/dependabot-updates",""
"2026-01-08","actions","actions_linux","20","minutes","0.006","0.12","0.12","0","RoyalOughtness","secureblue","secureblue",".github/workflows/integration_tests.yml",""
"2026-01-08","actions","actions_linux","1","minutes","0.006","0.006","0.006","0","RoyalOughtness","secureblue","secureblue",".github/workflows/trivy.yml",""
"2026-01-08","actions","actions_linux","2","minutes","0.006","0.012","0.012","0","dependabot[bot]","secureblue","Trivalent","dynamic/dependabot/dependabot-updates",""
"2026-01-08","actions","actions_linux","1","minutes","0.006","0.006","0.006","0","dependabot[bot]","secureblue","trivalent-chromium-clean-source","dynamic/dependabot/dependabot-updates",""
"2026-01-08","actions","actions_linux","1","minutes","0.006","0.006","0.006","0","dependabot[bot]","secureblue","render-isos","dynamic/dependabot/dependabot-updates",""
"2026-01-08","actions","actions_linux","1","minutes","0.006","0.006","0.006","0","RoyalOughtness","secureblue","selinux-policy",".github/workflows/upstream-sync.yml",""
"2026-01-08","actions","actions_linux","1","minutes","0.006","0.006","0.006","0","dependabot[bot]","secureblue","selinux-policy","dynamic/dependabot/dependabot-updates",""
"2026-01-08","actions","actions_linux","2","minutes","0.006","0.012","0.012","0","dependabot[bot]","secureblue","secureblue","dynamic/dependabot/dependabot-updates",""
"2026-01-08","actions","actions_linux","1","minutes","0.006","0.006","0.006","0","RKNF404","secureblue","Trivalent",".github/workflows/zizmor.yml",""
"2026-01-08","actions","actions_linux","2","minutes","0.006","0.012","0.012","0","dependabot[bot]","secureblue","architecture","dynamic/dependabot/dependabot-updates",""
"2026-01-08","actions","actions_linux","781","minutes","0.006","4.686","4.686","0","RoyalOughtness","secureblue","secureblue",".github/workflows/build-all.yml",""
"2026-01-08","actions","actions_linux","1","minutes","0.006","0.006","0.006","0","dependabot[bot]","secureblue","trivalent-subresource-filter","dynamic/dependabot/dependabot-updates",""
"2026-01-08","actions","actions_linux","1","minutes","0.006","0.006","0.006","0","dependabot[bot]","secureblue","selinux-policy-rpm","dynamic/dependabot/dependabot-updates",""
"2026-01-08","actions","actions_linux","2","minutes","0.006","0.012","0.012","0","RoyalOughtness","secureblue","secureblue",".github/workflows/provenance.yml",""
"2026-01-08","actions","actions_linux","1","minutes","0.006","0.006","0.006","0","RoyalOughtness","secureblue","secureblue",".github/workflows/automod.yml",""
"2026-01-08","actions","actions_linux","1","minutes","0.006","0.006","0.006","0","dependabot[bot]","secureblue","bootc-integration-test-action","dynamic/dependabot/dependabot-updates",""
"2026-01-08","actions","actions_storage","746.5619394469999","gigabyte-hours","0.00033602","0.25085973000000017","0.25085973000000017","0","","secureblue","Trivalent","",""
"2026-01-08","actions","actions_storage","0.003622512000000002","gigabyte-hours","0.00033602","1.1999999999999993E-06","1.1999999999999993E-06","0","","secureblue","approvals-action","",""
"2026-01-08","actions","actions_storage","0.003607032000000001","gigabyte-hours","0.00033602","1.1999999999999993E-06","1.1999999999999993E-06","0","","secureblue","rpm-repo-worker","",""
"2026-01-08","actions","actions_storage","0.018181814","gigabyte-hours","0.00033602","6.097E-06","6.097E-06","0","","secureblue","secureblue","",""
"2026-01-08","actions","actions_storage","0.0010585440000000002","gigabyte-hours","0.00033602","3.359999999999999E-07","3.359999999999999E-07","0","","secureblue","selinux-policy-rpm","",""
"2026-01-08","actions","actions_storage","0.0007840800000000004","gigabyte-hours","0.00033602","2.400000000000001E-07","2.400000000000001E-07","0","","secureblue","trivalent-subresource-filter","",""
"2026-01-08","actions","actions_storage","0.0008357039999999997","gigabyte-hours","0.00033602","2.6400000000000003E-07","2.6400000000000003E-07","0","","secureblue","bootc-integration-test-action","",""
"2026-01-08","actions","actions_storage","0.003072312000000001","gigabyte-hours","0.00033602","1.0320000000000007E-06","1.0320000000000007E-06","0","","secureblue","render-isos","",""
"2026-01-08","actions","actions_storage","0.0003915360000000001","gigabyte-hours","0.00033602","1.2000000000000004E-07","1.2000000000000004E-07","0","","secureblue","trivalent-chromium-clean-source","",""
"2026-01-08","actions","actions_storage","0.004052087999999998","gigabyte-hours","0.00033602","1.3439999999999995E-06","1.3439999999999995E-06","0","","secureblue","selinux-policy","",""
"2026-01-09","actions","actions_linux","1","minutes","0.006","0.006","0.006","0","RoyalOughtness","secureblue","secureblue",".github/workflows/checksum.yml",""
"2026-01-09","actions","actions_linux","1","minutes","0.006","0.006","0.006","0","dependabot[bot]","secureblue","rpm-repo-worker","dynamic/dependabot/dependabot-updates",""
"2026-01-09","actions","actions_linux","2","minutes","0.006","0.012","0.012","0","RoyalOughtness","secureblue","secureblue",".github/workflows/provenance.yml",""
"2026-01-09","actions","actions_linux","1","minutes","0.006","0.006","0.006","0","RoyalOughtness","secureblue","secureblue",".github/workflows/linkspector.yml",""
"2026-01-09","actions","actions_linux","1","minutes","0.006","0.006","0.006","0","dependabot[bot]","secureblue","bootc-integration-test-action","dynamic/dependabot/dependabot-updates",""
"2026-01-09","actions","actions_linux","1","minutes","0.006","0.006","0.006","0","RoyalOughtness","secureblue","secureblue",".github/workflows/tests.yml",""
"2026-01-09","actions","actions_linux","2","minutes","0.006","0.012","0.012","0","dependabot[bot]","secureblue","Trivalent","dynamic/dependabot/dependabot-updates",""
"2026-01-09","actions","actions_linux","1","minutes","0.006","0.006","0.006","0","dependabot[bot]","secureblue","trivalent-subresource-filter","dynamic/dependabot/dependabot-updates",""
"2026-01-09","actions","actions_linux","1","minutes","0.006","0.006","0.006","0","RoyalOughtness","secureblue","secureblue",".github/workflows/validate_exec_bit.yml",""
"2026-01-09","actions","actions_linux","5","minutes","0.006","0.03","0.03","0","github-advanced-security[bot]","secureblue","secureblue","dynamic/github-code-scanning/codeql",""
"2026-01-09","actions","actions_linux","1","minutes","0.006","0.006","0.006","0","RoyalOughtness","secureblue","secureblue",".github/workflows/zizmor.yml",""
"2026-01-09","actions","actions_linux","8","minutes","0.006","0.048","0.048","0","RoyalOughtness","secureblue","secureblue",".github/workflows/pr_build_minimal.yml",""
"2026-01-09","actions","actions_linux","1","minutes","0.006","0.006","0.006","0","dependabot[bot]","secureblue","render-isos","dynamic/dependabot/dependabot-updates",""
"2026-01-09","actions","actions_linux","20","minutes","0.006","0.12","0.12","0","RoyalOughtness","secureblue","secureblue",".github/workflows/integration_tests.yml",""
"2026-01-09","actions","actions_linux","36","minutes","0.006","0.21600000000000003","0.21600000000000003","0","RoyalOughtness","secureblue","secureblue",".github/workflows/pr_build_all_main.yml",""
"2026-01-09","actions","actions_linux","1","minutes","0.006","0.006","0.006","0","dependabot[bot]","secureblue","selinux-policy-rpm","dynamic/dependabot/dependabot-updates",""
"2026-01-09","actions","actions_linux","1","minutes","0.006","0.006","0.006","0","RoyalOughtness","secureblue","secureblue",".github/workflows/trivy.yml",""
"2026-01-09","actions","actions_linux","2","minutes","0.006","0.012","0.012","0","dependabot[bot]","secureblue","secureblue","dynamic/dependabot/dependabot-updates",""
"2026-01-09","actions","actions_linux","1","minutes","0.006","0.006","0.006","0","RoyalOughtness","secureblue","selinux-policy",".github/workflows/upstream-sync.yml",""
"2026-01-09","actions","actions_linux","1","minutes","0.006","0.006","0.006","0","dependabot[bot]","secureblue","selinux-policy","dynamic/dependabot/dependabot-updates",""
"2026-01-09","actions","actions_linux","1","minutes","0.006","0.006","0.006","0","dependabot[bot]","secureblue","architecture","dynamic/dependabot/dependabot-updates",""
"2026-01-09","actions","actions_linux","1","minutes","0.006","0.006","0.006","0","dependabot[bot]","secureblue","trivalent-chromium-clean-source","dynamic/dependabot/dependabot-updates",""
"2026-01-09","actions","actions_linux","1","minutes","0.006","0.006","0.006","0","github-advanced-security[bot]","secureblue","Trivalent","dynamic/github-code-scanning/codeql",""
"2026-01-09","actions","actions_storage","0.0010585440000000002","gigabyte-hours","0.00033602","3.359999999999999E-07","3.359999999999999E-07","0","","secureblue","selinux-policy-rpm","",""
"2026-01-09","actions","actions_storage","746.5652444879998","gigabyte-hours","0.00033602","0.25086084000000014","0.25086084000000014","0","","secureblue","Trivalent","",""
"2026-01-09","actions","actions_storage","0.003607032000000001","gigabyte-hours","0.00033602","1.1999999999999993E-06","1.1999999999999993E-06","0","","secureblue","rpm-repo-worker","",""
"2026-01-09","actions","actions_storage","0.0008357039999999997","gigabyte-hours","0.00033602","2.6400000000000003E-07","2.6400000000000003E-07","0","","secureblue","bootc-integration-test-action","",""
"2026-01-09","actions","actions_storage","0.003622512000000002","gigabyte-hours","0.00033602","1.1999999999999993E-06","1.1999999999999993E-06","0","","secureblue","approvals-action","",""
"2026-01-09","actions","actions_storage","0.003072312000000001","gigabyte-hours","0.00033602","1.0320000000000007E-06","1.0320000000000007E-06","0","","secureblue","render-isos","",""
"2026-01-09","actions","actions_storage","0.017543312999999998","gigabyte-hours","0.00033602","5.8790000000000025E-06","5.8790000000000025E-06","0","","secureblue","secureblue","",""
"2026-01-09","actions","actions_storage","0.004052087999999998","gigabyte-hours","0.00033602","1.3439999999999995E-06","1.3439999999999995E-06","0","","secureblue","selinux-policy","",""
"2026-01-09","actions","actions_storage","0.0007840800000000004","gigabyte-hours","0.00033602","2.400000000000001E-07","2.400000000000001E-07","0","","secureblue","trivalent-subresource-filter","",""
"2026-01-09","actions","actions_storage","0.0003915360000000001","gigabyte-hours","0.00033602","1.2000000000000004E-07","1.2000000000000004E-07","0","","secureblue","trivalent-chromium-clean-source","",""
"2026-01-10","actions","actions_linux","3","minutes","0.006","0.018000000000000002","0.018000000000000002","0","RoyalOughtness","secureblue","Trivalent",".github/workflows/scorecard.yml",""
"2026-01-10","actions","actions_linux","1","minutes","0.006","0.006","0.006","0","RoyalOughtness","secureblue","trivalent-subresource-filter",".github/workflows/rebuild.yml",""
"2026-01-10","actions","actions_linux","1667","minutes","0.006","10.002000000000015","10.002000000000015","0","RoyalOughtness","secureblue","secureblue",".github/workflows/build-all.yml",""
"2026-01-10","actions","actions_linux","59","minutes","0.006","0.354","0.354","0","TheHooly","secureblue","secureblue",".github/workflows/pr_build_minimal.yml",""
"2026-01-10","actions","actions_linux","662","minutes","0.006","3.9719999999999995","3.9719999999999995","0","RoyalOughtness","secureblue","secureblue",".github/workflows/pr_build_all_main.yml",""
"2026-01-10","actions","actions_linux","18","minutes","0.006","0.108","0.108","0","RoyalOughtness","secureblue","secureblue",".github/workflows/integration_tests.yml",""
"2026-01-10","actions","actions_linux","2","minutes","0.006","0.012","0.012","0","RoyalOughtness","secureblue","secureblue",".github/workflows/scorecard.yml",""
"2026-01-10","actions","actions_linux","6","minutes","0.006","0.036","0.036","0","RoyalOughtness","secureblue","secureblue",".github/workflows/checksum.yml",""
"2026-01-10","actions","actions_linux","6","minutes","0.006","0.036","0.036","0","RoyalOughtness","secureblue","secureblue",".github/workflows/tests.yml",""
"2026-01-10","actions","actions_linux","5","minutes","0.006","0.03","0.03","0","RoyalOughtness","secureblue","secureblue",".github/workflows/automod.yml",""
"2026-01-10","actions","actions_linux","3","minutes","0.006","0.018000000000000002","0.018000000000000002","0","RoyalOughtness","secureblue","secureblue",".github/workflows/trivy.yml",""
"2026-01-10","actions","actions_linux","6","minutes","0.006","0.036","0.036","0","RoyalOughtness","secureblue","secureblue",".github/workflows/validate_exec_bit.yml",""
"2026-01-10","actions","actions_linux","156","minutes","0.006","0.9359999999999999","0.9359999999999999","0","RoyalOughtness","secureblue","secureblue",".github/workflows/pr_build_minimal.yml",""
"2026-01-10","actions","actions_linux","1","minutes","0.006","0.006","0.006","0","TheHooly","secureblue","secureblue",".github/workflows/tests.yml",""
"2026-01-10","actions","actions_linux","1","minutes","0.006","0.006","0.006","0","RoyalOughtness","secureblue","selinux-policy",".github/workflows/upstream-sync.yml",""
"2026-01-10","actions","actions_linux","6","minutes","0.006","0.036","0.036","0","RoyalOughtness","secureblue","secureblue",".github/workflows/linkspector.yml",""
"2026-01-10","actions","actions_linux","1","minutes","0.006","0.006","0.006","0","igor-minsky","secureblue","secureblue",".github/workflows/automod.yml",""
"2026-01-10","actions","actions_linux","2","minutes","0.006","0.012","0.012","0","RoyalOughtness","secureblue","secureblue",".github/workflows/provenance.yml",""
"2026-01-10","actions","actions_linux","1","minutes","0.006","0.006","0.006","0","TheHooly","secureblue","secureblue",".github/workflows/checksum.yml",""
"2026-01-10","actions","actions_linux","10","minutes","0.006","0.05999999999999999","0.05999999999999999","0","RoyalOughtness","secureblue","secureblue","dynamic/github-code-scanning/codeql",""
"2026-01-10","actions","actions_linux","8","minutes","0.006","0.047999999999999994","0.047999999999999994","0","RoyalOughtness","secureblue","secureblue",".github/workflows/zizmor.yml",""
"2026-01-10","actions","actions_linux","1","minutes","0.006","0.006","0.006","0","RoyalOughtness","secureblue","Trivalent","dynamic/github-code-scanning/codeql",""
"2026-01-10","actions","actions_linux","2","minutes","0.006","0.012","0.012","0","tpaau","secureblue","Trivalent",".github/workflows/zizmor.yml",""
"2026-01-10","actions","actions_linux","1","minutes","0.006","0.006","0.006","0","HastD","secureblue","secureblue",".github/workflows/automod.yml",""
"2026-01-10","actions","actions_linux","1","minutes","0.006","0.006","0.006","0","TheHooly","secureblue","secureblue",".github/workflows/zizmor.yml",""
"2026-01-10","actions","actions_linux","1","minutes","0.006","0.006","0.006","0","TheHooly","secureblue","secureblue",".github/workflows/linkspector.yml",""
"2026-01-10","actions","actions_linux","1","minutes","0.006","0.006","0.006","0","github-advanced-security[bot]","secureblue","architecture","dynamic/github-code-scanning/codeql",""
"2026-01-10","actions","actions_linux","1","minutes","0.006","0.006","0.006","0","TheHooly","secureblue","secureblue",".github/workflows/validate_exec_bit.yml",""
"2026-01-10","actions","actions_storage","0.0007840800000000004","gigabyte-hours","0.00033602","2.400000000000001E-07","2.400000000000001E-07","0","","secureblue","trivalent-subresource-filter","",""
"2026-01-10","actions","actions_storage","0.003072312000000001","gigabyte-hours","0.00033602","1.0320000000000007E-06","1.0320000000000007E-06","0","","secureblue","render-isos","",""
"2026-01-10","actions","actions_storage","0.004052087999999998","gigabyte-hours","0.00033602","1.3439999999999995E-06","1.3439999999999995E-06","0","","secureblue","selinux-policy","",""
"2026-01-10","actions","actions_storage","0.003607032000000001","gigabyte-hours","0.00033602","1.1999999999999993E-06","1.1999999999999993E-06","0","","secureblue","rpm-repo-worker","",""
"2026-01-10","actions","actions_storage","0.0008357039999999997","gigabyte-hours","0.00033602","2.6400000000000003E-07","2.6400000000000003E-07","0","","secureblue","bootc-integration-test-action","",""
"2026-01-10","actions","actions_storage","0.0010585440000000002","gigabyte-hours","0.00033602","3.359999999999999E-07","3.359999999999999E-07","0","","secureblue","selinux-policy-rpm","",""
"2026-01-10","actions","actions_storage","746.5652444879998","gigabyte-hours","0.00033602","0.25086084000000014","0.25086084000000014","0","","secureblue","Trivalent","",""
"2026-01-10","actions","actions_storage","0.0003915360000000001","gigabyte-hours","0.00033602","1.2000000000000004E-07","1.2000000000000004E-07","0","","secureblue","trivalent-chromium-clean-source","",""
"2026-01-10","actions","actions_storage","0.003622512000000002","gigabyte-hours","0.00033602","1.1999999999999993E-06","1.1999999999999993E-06","0","","secureblue","approvals-action","",""
"2026-01-10","actions","actions_storage","0.016228323","gigabyte-hours","0.00033602","5.437999999999999E-06","5.437999999999999E-06","0","","secureblue","secureblue","",""
"2026-01-11","actions","actions_linux","58","minutes","0.006","0.348","0.348","0","alexvojproc","secureblue","secureblue",".github/workflows/pr_build_minimal.yml",""
"2026-01-11","actions","actions_linux","1","minutes","0.006","0.006","0.006","0","RoyalOughtness","secureblue","selinux-policy",".github/workflows/upstream-sync.yml",""
"2026-01-11","actions","actions_linux","1","minutes","0.006","0.006","0.006","0","github-advanced-security[bot]","secureblue","selinux-policy-rpm","dynamic/github-code-scanning/codeql",""
"2026-01-11","actions","actions_linux","2","minutes","0.006","0.012","0.012","0","github-advanced-security[bot]","secureblue","selinux-policy","dynamic/github-code-scanning/codeql",""
"2026-01-11","actions","actions_linux","2","minutes","0.006","0.012","0.012","0","RoyalOughtness","secureblue","secureblue",".github/workflows/provenance.yml",""
"2026-01-11","actions","actions_linux","1","minutes","0.006","0.006","0.006","0","alexvojproc","secureblue","secureblue",".github/workflows/checksum.yml",""
"2026-01-11","actions","actions_linux","1","minutes","0.006","0.006","0.006","0","alexvojproc","secureblue","secureblue",".github/workflows/validate_exec_bit.yml",""
"2026-01-11","actions","actions_linux","1","minutes","0.006","0.006","0.006","0","alexvojproc","secureblue","secureblue",".github/workflows/ruff.yml",""
"2026-01-11","actions","actions_linux","1","minutes","0.006","0.006","0.006","0","alexvojproc","secureblue","secureblue",".github/workflows/tests.yml",""
"2026-01-11","actions","actions_linux","1","minutes","0.006","0.006","0.006","0","alexvojproc","secureblue","secureblue",".github/workflows/zizmor.yml",""
"2026-01-11","actions","actions_linux","1","minutes","0.006","0.006","0.006","0","alexvojproc","secureblue","secureblue",".github/workflows/linkspector.yml",""
"2026-01-11","actions","actions_linux","1","minutes","0.006","0.006","0.006","0","github-advanced-security[bot]","secureblue","trivalent-subresource-filter","dynamic/github-code-scanning/codeql",""
"2026-01-11","actions","actions_linux","1685","minutes","0.006","10.11000000000001","10.11000000000001","0","RoyalOughtness","secureblue","secureblue",".github/workflows/build-all.yml",""
"2026-01-11","actions","actions_linux","20","minutes","0.006","0.12","0.12","0","RoyalOughtness","secureblue","secureblue",".github/workflows/integration_tests.yml",""
"2026-01-11","actions","actions_linux","1","minutes","0.006","0.006","0.006","0","RoyalOughtness","secureblue","secureblue",".github/workflows/trivy.yml",""
"2026-01-11","actions","actions_linux","38","minutes","0.006","0.228","0.228","0","RoyalOughtness","secureblue","secureblue",".github/workflows/cleanup.yml",""
"2026-01-11","actions","actions_linux","1","minutes","0.006","0.006","0.006","0","igor-minsky","secureblue","secureblue",".github/workflows/automod.yml",""
"2026-01-11","actions","actions_linux","1","minutes","0.006","0.006","0.006","0","github-advanced-security[bot]","secureblue","rpm-repo-worker","dynamic/github-code-scanning/codeql",""
"2026-01-11","actions","actions_storage","0.0007840800000000004","gigabyte-hours","0.00033602","2.400000000000001E-07","2.400000000000001E-07","0","","secureblue","trivalent-subresource-filter","",""
"2026-01-11","actions","actions_storage","0.003072312000000001","gigabyte-hours","0.00033602","1.0320000000000007E-06","1.0320000000000007E-06","0","","secureblue","render-isos","",""
"2026-01-11","actions","actions_storage","0.003622512000000002","gigabyte-hours","0.00033602","1.1999999999999993E-06","1.1999999999999993E-06","0","","secureblue","approvals-action","",""
"2026-01-11","actions","actions_storage","0.003607032000000001","gigabyte-hours","0.00033602","1.1999999999999993E-06","1.1999999999999993E-06","0","","secureblue","rpm-repo-worker","",""
"2026-01-11","actions","actions_storage","0.0008357039999999997","gigabyte-hours","0.00033602","2.6400000000000003E-07","2.6400000000000003E-07","0","","secureblue","bootc-integration-test-action","",""
"2026-01-11","actions","actions_storage","0.003992375999999998","gigabyte-hours","0.00033602","1.3239999999999995E-06","1.3239999999999995E-06","0","","secureblue","selinux-policy","",""
"2026-01-11","actions","actions_storage","746.5663002170003","gigabyte-hours","0.00033602","0.2508611850000001","0.2508611850000001","0","","secureblue","Trivalent","",""
"2026-01-11","actions","actions_storage","0.0003915360000000001","gigabyte-hours","0.00033602","1.2000000000000004E-07","1.2000000000000004E-07","0","","secureblue","trivalent-chromium-clean-source","",""
"2026-01-11","actions","actions_storage","0.014239852999999997","gigabyte-hours","0.00033602","4.770000000000002E-06","4.770000000000002E-06","0","","secureblue","secureblue","",""
"2026-01-11","actions","actions_storage","0.0010585440000000002","gigabyte-hours","0.00033602","3.359999999999999E-07","3.359999999999999E-07","0","","secureblue","selinux-policy-rpm","",""
"2026-01-12","actions","actions_linux","4","minutes","0.006","0.024","0.024","0","RoyalOughtness","secureblue","secureblue",".github/workflows/ruff.yml",""
"2026-01-12","actions","actions_linux","1","minutes","0.006","0.006","0.006","0","github-advanced-security[bot]","secureblue","trivalent-chromium-clean-source","dynamic/github-code-scanning/codeql",""
"2026-01-12","actions","actions_linux","2","minutes","0.006","0.012","0.012","0","dependabot[bot]","secureblue","render-isos","dynamic/dependabot/dependabot-updates",""
"2026-01-12","actions","actions_linux","2311","minutes","0.006","13.86600000000001","13.86600000000001","0","RoyalOughtness","secureblue","secureblue",".github/workflows/build-all.yml",""
"2026-01-12","actions","actions_linux","1","minutes","0.006","0.006","0.006","0","RoyalOughtness","secureblue","secureblue",".github/workflows/automod.yml",""
"2026-01-12","actions","actions_linux","1270","minutes","0.006","7.620000000000002","7.620000000000002","0","RoyalOughtness","secureblue","secureblue",".github/workflows/pr_build_all_main.yml",""
"2026-01-12","actions","actions_linux","16","minutes","0.006","0.09600000000000002","0.09600000000000002","0","RoyalOughtness","secureblue","secureblue",".github/workflows/validate_exec_bit.yml",""
"2026-01-12","actions","actions_linux","16","minutes","0.006","0.09600000000000002","0.09600000000000002","0","RoyalOughtness","secureblue","secureblue",".github/workflows/checksum.yml",""
"2026-01-12","actions","actions_linux","16","minutes","0.006","0.09600000000000002","0.09600000000000002","0","RoyalOughtness","secureblue","secureblue",".github/workflows/tests.yml",""
"2026-01-12","actions","actions_linux","200","minutes","0.006","1.2000000000000002","1.2000000000000002","0","RoyalOughtness","secureblue","secureblue",".github/workflows/pr_build_zfs.yml",""
"2026-01-12","actions","actions_linux","352","minutes","0.006","2.112","2.112","0","RoyalOughtness","secureblue","secureblue",".github/workflows/pr_build_minimal.yml",""
"2026-01-12","actions","actions_linux","196","minutes","0.006","1.1760000000000002","1.1760000000000002","0","RoyalOughtness","secureblue","secureblue",".github/workflows/pr_build_nvidia.yml",""
"2026-01-12","actions","actions_linux","18","minutes","0.006","0.10800000000000003","0.10800000000000003","0","RoyalOughtness","secureblue","secureblue",".github/workflows/zizmor.yml",""
"2026-01-12","actions","actions_linux","17","minutes","0.006","0.10200000000000002","0.10200000000000002","0","RoyalOughtness","secureblue","secureblue",".github/workflows/linkspector.yml",""
"2026-01-12","actions","actions_linux","2","minutes","0.006","0.012","0.012","0","RoyalOughtness","secureblue","secureblue",".github/workflows/provenance.yml",""
"2026-01-12","actions","actions_linux","2","minutes","0.006","0.012","0.012","0","dependabot[bot]","secureblue","bootc-integration-test-action","dynamic/dependabot/dependabot-updates",""
"2026-01-12","actions","actions_linux","21","minutes","0.006","0.126","0.126","0","RoyalOughtness","secureblue","secureblue",".github/workflows/integration_tests.yml",""
"2026-01-12","actions","actions_linux","1","minutes","0.006","0.006","0.006","0","dependabot[bot]","secureblue","trivalent-chromium-clean-source","dynamic/dependabot/dependabot-updates",""
"2026-01-12","actions","actions_linux","3","minutes","0.006","0.018","0.018","0","dependabot[bot]","secureblue","secureblue","dynamic/dependabot/dependabot-updates",""
"2026-01-12","actions","actions_linux","296","minutes","0.006","1.7759999999999996","1.7759999999999996","0","HastD","secureblue","secureblue",".github/workflows/pr_build_all_main.yml",""
"2026-01-12","actions","actions_linux","116","minutes","0.006","0.696","0.696","0","HastD","secureblue","secureblue",".github/workflows/pr_build_minimal.yml",""
"2026-01-12","actions","actions_linux","75","minutes","0.006","0.44999999999999996","0.44999999999999996","0","HastD","secureblue","secureblue",".github/workflows/pr_build_nvidia.yml",""
"2026-01-12","actions","actions_linux","2","minutes","0.006","0.012","0.012","0","RoyalOughtness","secureblue","secureblue",".github/workflows/scorecard.yml",""
"2026-01-12","actions","actions_linux","3","minutes","0.006","0.018000000000000002","0.018000000000000002","0","HastD","secureblue","secureblue",".github/workflows/tests.yml",""
"2026-01-12","actions","actions_linux","121","minutes","0.006","0.726","0.726","0","HastD","secureblue","secureblue",".github/workflows/pr_build_zfs.yml",""
"2026-01-12","actions","actions_linux","23","minutes","0.006","0.13800000000000004","0.13800000000000004","0","RoyalOughtness","secureblue","secureblue","dynamic/github-code-scanning/codeql",""
"2026-01-12","actions","actions_linux","4","minutes","0.006","0.024","0.024","0","HastD","secureblue","secureblue",".github/workflows/validate_exec_bit.yml",""
"2026-01-12","actions","actions_linux","4","minutes","0.006","0.024","0.024","0","HastD","secureblue","secureblue",".github/workflows/ruff.yml",""
"2026-01-12","actions","actions_linux","4","minutes","0.006","0.024","0.024","0","HastD","secureblue","secureblue",".github/workflows/checksum.yml",""
"2026-01-12","actions","actions_linux","3","minutes","0.006","0.018000000000000002","0.018000000000000002","0","HastD","secureblue","secureblue",".github/workflows/zizmor.yml",""
"2026-01-12","actions","actions_linux","2","minutes","0.006","0.012","0.012","0","HastD","secureblue","secureblue",".github/workflows/justlint.yml",""
"2026-01-12","actions","actions_linux","6","minutes","0.006","0.036000000000000004","0.036000000000000004","0","HastD","secureblue","secureblue",".github/workflows/linkspector.yml",""
"2026-01-12","actions","actions_linux","2","minutes","0.006","0.012","0.012","0","dependabot[bot]","secureblue","rpm-repo-worker","dynamic/dependabot/dependabot-updates",""
"2026-01-12","actions","actions_linux","4","minutes","0.006","0.024","0.024","0","dependabot[bot]","secureblue","Trivalent","dynamic/dependabot/dependabot-updates",""
"2026-01-12","actions","actions_linux","6","minutes","0.006","0.036000000000000004","0.036000000000000004","0","github-actions[bot]","secureblue","secureblue","dynamic/github-code-scanning/codeql",""
"2026-01-12","actions","actions_linux","1","minutes","0.006","0.006","0.006","0","RoyalOughtness","secureblue","selinux-policy",".github/workflows/upstream-sync.yml",""
"2026-01-12","actions","actions_linux","1","minutes","0.006","0.006","0.006","0","dependabot[bot]","secureblue","selinux-policy","dynamic/dependabot/dependabot-updates",""
"2026-01-12","actions","actions_linux","3","minutes","0.006","0.018000000000000002","0.018000000000000002","0","RoyalOughtness","secureblue","secureblue",".github/workflows/trivy.yml",""
"2026-01-12","actions","actions_linux","1","minutes","0.006","0.006","0.006","0","dependabot[bot]","secureblue","trivalent-subresource-filter","dynamic/dependabot/dependabot-updates",""
"2026-01-12","actions","actions_linux","1","minutes","0.006","0.006","0.006","0","dependabot[bot]","secureblue","selinux-policy-rpm","dynamic/dependabot/dependabot-updates",""
"2026-01-12","actions","actions_linux","8","minutes","0.006","0.047999999999999994","0.047999999999999994","0","wizofwriting","secureblue","secureblue",".github/workflows/automod.yml",""
"2026-01-12","actions","actions_linux","1","minutes","0.006","0.006","0.006","0","RoyalOughtness","secureblue","secureblue",".github/workflows/update-po.yml",""
"2026-01-12","actions","actions_linux","1","minutes","0.006","0.006","0.006","0","github-advanced-security[bot]","secureblue","render-isos","dynamic/github-code-scanning/codeql",""
"2026-01-12","actions","actions_linux","1","minutes","0.006","0.006","0.006","0","github-advanced-security[bot]","secureblue","bootc-integration-test-action","dynamic/github-code-scanning/codeql",""
"2026-01-12","actions","actions_linux","1","minutes","0.006","0.006","0.006","0","alexvojproc","secureblue","secureblue",".github/workflows/automod.yml",""
"2026-01-12","actions","actions_storage","0.0007840800000000004","gigabyte-hours","0.00033602","2.400000000000001E-07","2.400000000000001E-07","0","","secureblue","trivalent-subresource-filter","",""
"2026-01-12","actions","actions_storage","0.003072312000000001","gigabyte-hours","0.00033602","1.0320000000000007E-06","1.0320000000000007E-06","0","","secureblue","render-isos","",""
"2026-01-12","actions","actions_storage","0.003622512000000002","gigabyte-hours","0.00033602","1.1999999999999993E-06","1.1999999999999993E-06","0","","secureblue","approvals-action","",""
"2026-01-12","actions","actions_storage","0.0022010439999999992","gigabyte-hours","0.00033602","7.26E-07","7.26E-07","0","","secureblue","selinux-policy","",""
"2026-01-12","actions","actions_storage","606.2552758079999","gigabyte-hours","0.00033602","0.2037138900000001","0.2037138900000001","0","","secureblue","Trivalent","",""
"2026-01-12","actions","actions_storage","0.013082208999999997","gigabyte-hours","0.00033602","4.388E-06","4.388E-06","0","","secureblue","secureblue","",""
"2026-01-12","actions","actions_storage","0.003607032000000001","gigabyte-hours","0.00033602","1.1999999999999993E-06","1.1999999999999993E-06","0","","secureblue","rpm-repo-worker","",""
"2026-01-12","actions","actions_storage","0.0008357039999999997","gigabyte-hours","0.00033602","2.6400000000000003E-07","2.6400000000000003E-07","0","","secureblue","bootc-integration-test-action","",""
"2026-01-12","actions","actions_storage","0.0003915360000000001","gigabyte-hours","0.00033602","1.2000000000000004E-07","1.2000000000000004E-07","0","","secureblue","trivalent-chromium-clean-source","",""
"2026-01-12","actions","actions_storage","0.00028007999999999993","gigabyte-hours","0.00033602","7.2E-08","7.2E-08","0","","secureblue","selinux-policy-rpm","",""
"2026-01-13","actions","actions_linux","15","minutes","0.006","0.09","0.09","0","RoyalOughtness","secureblue","secureblue",".github/workflows/linkspector.yml",""
"2026-01-13","actions","actions_linux","1461","minutes","0.006","8.766","8.766","0","RoyalOughtness","secureblue","secureblue",".github/workflows/pr_build_all_main.yml",""
"2026-01-13","actions","actions_linux","10","minutes","0.006","0.05999999999999999","0.05999999999999999","0","RoyalOughtness","secureblue","secureblue",".github/workflows/zizmor.yml",""
"2026-01-13","actions","actions_linux","2","minutes","0.006","0.012","0.012","0","RoyalOughtness","secureblue","secureblue",".github/workflows/automod.yml",""
"2026-01-13","actions","actions_linux","1","minutes","0.006","0.006","0.006","0","dependabot[bot]","secureblue","selinux-policy-rpm","dynamic/dependabot/dependabot-updates",""
"2026-01-13","actions","actions_linux","1","minutes","0.006","0.006","0.006","0","RoyalOughtness","secureblue","Trivalent",".github/workflows/zizmor.yml",""
"2026-01-13","actions","actions_linux","1","minutes","0.006","0.006","0.006","0","dependabot[bot]","secureblue","render-isos","dynamic/dependabot/dependabot-updates",""
"2026-01-13","actions","actions_linux","4","minutes","0.006","0.024","0.024","0","Alifoss","secureblue","secureblue",".github/workflows/automod.yml",""
"2026-01-13","actions","actions_linux","10","minutes","0.006","0.05999999999999999","0.05999999999999999","0","RoyalOughtness","secureblue","secureblue",".github/workflows/tests.yml",""
"2026-01-13","actions","actions_linux","1","minutes","0.006","0.006","0.006","0","dependabot[bot]","secureblue","rpm-repo-worker","dynamic/dependabot/dependabot-updates",""
"2026-01-13","actions","actions_linux","1","minutes","0.006","0.006","0.006","0","dependabot[bot]","secureblue","trivalent-subresource-filter","dynamic/dependabot/dependabot-updates",""
"2026-01-13","actions","actions_linux","1","minutes","0.006","0.006","0.006","0","RoyalOughtness","secureblue","secureblue",".github/workflows/scorecard.yml",""
"2026-01-13","actions","actions_linux","2","minutes","0.006","0.012","0.012","0","RoyalOughtness","secureblue","Trivalent","dynamic/github-code-scanning/codeql",""
"2026-01-13","actions","actions_linux","5","minutes","0.006","0.03","0.03","0","github-actions[bot]","secureblue","secureblue","dynamic/github-code-scanning/codeql",""
"2026-01-13","actions","actions_linux","17","minutes","0.006","0.102","0.102","0","RoyalOughtness","secureblue","secureblue",".github/workflows/integration_tests.yml",""
"2026-01-13","actions","actions_linux","1472","minutes","0.006","8.832000000000004","8.832000000000004","0","RoyalOughtness","secureblue","secureblue",".github/workflows/build-all.yml",""
"2026-01-13","actions","actions_linux","1","minutes","0.006","0.006","0.006","0","RoyalOughtness","secureblue","trivalent-subresource-filter",".github/workflows/rebuild.yml",""
"2026-01-13","actions","actions_linux","2","minutes","0.006","0.012","0.012","0","RoyalOughtness","secureblue","secureblue",".github/workflows/provenance.yml",""
"2026-01-13","actions","actions_linux","1","minutes","0.006","0.006","0.006","0","HastD","secureblue","secureblue",".github/workflows/checksum.yml",""
"2026-01-13","actions","actions_linux","10","minutes","0.006","0.05999999999999999","0.05999999999999999","0","RoyalOughtness","secureblue","secureblue",".github/workflows/validate_exec_bit.yml",""
"2026-01-13","actions","actions_linux","1","minutes","0.006","0.006","0.006","0","spinuz09","secureblue","secureblue",".github/workflows/automod.yml",""
"2026-01-13","actions","actions_linux","1","minutes","0.006","0.006","0.006","0","RoyalOughtness","secureblue","selinux-policy",".github/workflows/upstream-sync.yml",""
"2026-01-13","actions","actions_linux","1","minutes","0.006","0.006","0.006","0","HastD","secureblue","secureblue",".github/workflows/validate_exec_bit.yml",""
"2026-01-13","actions","actions_linux","340","minutes","0.006","2.04","2.04","0","RoyalOughtness","secureblue","secureblue",".github/workflows/pr_build_minimal.yml",""
"2026-01-13","actions","actions_linux","10","minutes","0.006","0.05999999999999999","0.05999999999999999","0","RoyalOughtness","secureblue","secureblue",".github/workflows/checksum.yml",""
"2026-01-13","actions","actions_linux","2","minutes","0.006","0.012","0.012","0","dependabot[bot]","secureblue","secureblue","dynamic/dependabot/dependabot-updates",""
"2026-01-13","actions","actions_linux","195","minutes","0.006","1.1700000000000004","1.1700000000000004","0","RoyalOughtness","secureblue","secureblue",".github/workflows/pr_build_zfs.yml",""
"2026-01-13","actions","actions_linux","1","minutes","0.006","0.006","0.006","0","HastD","secureblue","secureblue",".github/workflows/tests.yml",""
"2026-01-13","actions","actions_linux","1","minutes","0.006","0.006","0.006","0","dependabot[bot]","secureblue","trivalent-chromium-clean-source","dynamic/dependabot/dependabot-updates",""
"2026-01-13","actions","actions_linux","1","minutes","0.006","0.006","0.006","0","dependabot[bot]","secureblue","selinux-policy","dynamic/dependabot/dependabot-updates",""
"2026-01-13","actions","actions_linux","1","minutes","0.006","0.006","0.006","0","HastD","secureblue","secureblue",".github/workflows/zizmor.yml",""
"2026-01-13","actions","actions_linux","3","minutes","0.006","0.018000000000000002","0.018000000000000002","0","RoyalOughtness","secureblue","Trivalent",".github/workflows/scorecard.yml",""
"2026-01-13","actions","actions_linux","2","minutes","0.006","0.012","0.012","0","dependabot[bot]","secureblue","Trivalent","dynamic/dependabot/dependabot-updates",""
"2026-01-13","actions","actions_linux","2","minutes","0.006","0.012","0.012","0","dependabot[bot]","secureblue","architecture","dynamic/dependabot/dependabot-updates",""
"2026-01-13","actions","actions_linux","2","minutes","0.006","0.012","0.012","0","RKNF404","secureblue","Trivalent",".github/workflows/zizmor.yml",""
"2026-01-13","actions","actions_linux","118","minutes","0.006","0.708","0.708","0","HastD","secureblue","secureblue",".github/workflows/pr_build_minimal.yml",""
"2026-01-13","actions","actions_linux","5","minutes","0.006","0.03","0.03","0","igor-minsky","secureblue","secureblue",".github/workflows/automod.yml",""
"2026-01-13","actions","actions_linux","180","minutes","0.006","1.08","1.08","0","HastD","secureblue","secureblue",".github/workflows/pr_build_all_main.yml",""
"2026-01-13","actions","actions_linux","1","minutes","0.006","0.006","0.006","0","RoyalOughtness","secureblue","secureblue",".github/workflows/trivy.yml",""
"2026-01-13","actions","actions_linux","1","minutes","0.006","0.006","0.006","0","RoyalOughtness","secureblue","secureblue",".github/workflows/update-modules.yml",""
"2026-01-13","actions","actions_linux","2","minutes","0.006","0.012","0.012","0","HastD","secureblue","secureblue",".github/workflows/linkspector.yml",""
"2026-01-13","actions","actions_linux","331","minutes","0.006","1.9860000000000007","1.9860000000000007","0","RoyalOughtness","secureblue","secureblue",".github/workflows/pr_build_nvidia.yml",""
"2026-01-13","actions","actions_linux","1","minutes","0.006","0.006","0.006","0","dependabot[bot]","secureblue","bootc-integration-test-action","dynamic/dependabot/dependabot-updates",""
"2026-01-13","actions","actions_storage","0.003622512000000002","gigabyte-hours","0.00033602","1.1999999999999993E-06","1.1999999999999993E-06","0","","secureblue","approvals-action","",""
"2026-01-13","actions","actions_storage","0.0021828719999999993","gigabyte-hours","0.00033602","7.200000000000001E-07","7.200000000000001E-07","0","","secureblue","selinux-policy","",""
"2026-01-13","actions","actions_storage","581.963410624","gigabyte-hours","0.00033602","0.19555133800000007","0.19555133800000007","0","","secureblue","Trivalent","",""
"2026-01-13","actions","actions_storage","0.0006373259999999999","gigabyte-hours","0.00033602","1.9199999999999997E-07","1.9199999999999997E-07","0","","secureblue","bootc-integration-test-action","",""
"2026-01-13","actions","actions_storage","0.0007840800000000004","gigabyte-hours","0.00033602","2.400000000000001E-07","2.400000000000001E-07","0","","secureblue","trivalent-subresource-filter","",""
"2026-01-13","actions","actions_storage","0.013716887000000002","gigabyte-hours","0.00033602","4.592000000000001E-06","4.592000000000001E-06","0","","secureblue","secureblue","",""
"2026-01-13","actions","actions_storage","0.003607032000000001","gigabyte-hours","0.00033602","1.1999999999999993E-06","1.1999999999999993E-06","0","","secureblue","rpm-repo-worker","",""
"2026-01-13","actions","actions_storage","0.003072312000000001","gigabyte-hours","0.00033602","1.0320000000000007E-06","1.0320000000000007E-06","0","","secureblue","render-isos","",""
"2026-01-13","actions","actions_storage","0.00027851599999999987","gigabyte-hours","0.00033602","7.2E-08","7.2E-08","0","","secureblue","selinux-policy-rpm","",""
"2026-01-13","actions","actions_storage","0.0003915360000000001","gigabyte-hours","0.00033602","1.2000000000000004E-07","1.2000000000000004E-07","0","","secureblue","trivalent-chromium-clean-source","",""
"2026-01-14","actions","actions_linux","1676","minutes","0.006","10.056000000000012","10.056000000000012","0","RoyalOughtness","secureblue","secureblue",".github/workflows/build-all.yml",""
"2026-01-14","actions","actions_linux","1","minutes","0.006","0.006","0.006","0","dependabot[bot]","secureblue","selinux-policy-rpm","dynamic/dependabot/dependabot-updates",""
"2026-01-14","actions","actions_linux","1","minutes","0.006","0.006","0.006","0","dependabot[bot]","secureblue","trivalent-subresource-filter","dynamic/dependabot/dependabot-updates",""
"2026-01-14","actions","actions_linux","1","minutes","0.006","0.006","0.006","0","dependabot[bot]","secureblue","selinux-policy","dynamic/dependabot/dependabot-updates",""
"2026-01-14","actions","actions_linux","1","minutes","0.006","0.006","0.006","0","RoyalOughtness","secureblue","trivalent-subresource-filter","dynamic/github-code-scanning/codeql",""
"2026-01-14","actions","actions_linux","2","minutes","0.006","0.012","0.012","0","RoyalOughtness","secureblue","trivalent-subresource-filter",".github/workflows/zizmor.yml",""
"2026-01-14","actions","actions_linux","2","minutes","0.006","0.012","0.012","0","RoyalOughtness","secureblue","secureblue",".github/workflows/trivy.yml",""
"2026-01-14","actions","actions_linux","1","minutes","0.006","0.006","0.006","0","RoyalOughtness","secureblue","selinux-policy",".github/workflows/upstream-sync.yml",""
"2026-01-14","actions","actions_linux","2","minutes","0.006","0.012","0.012","0","dependabot[bot]","secureblue","secureblue","dynamic/dependabot/dependabot-updates",""
"2026-01-14","actions","actions_linux","1","minutes","0.006","0.006","0.006","0","RoyalOughtness","secureblue","trivalent-chromium-clean-source",".github/workflows/zizmor.yml",""
"2026-01-14","actions","actions_linux","1","minutes","0.006","0.006","0.006","0","dependabot[bot]","secureblue","trivalent-chromium-clean-source","dynamic/dependabot/dependabot-updates",""
"2026-01-14","actions","actions_linux","1","minutes","0.006","0.006","0.006","0","RKNF404","secureblue","Trivalent",".github/workflows/zizmor.yml",""
"2026-01-14","actions","actions_linux","1","minutes","0.006","0.006","0.006","0","dependabot[bot]","secureblue","architecture","dynamic/dependabot/dependabot-updates",""
"2026-01-14","actions","actions_linux","1","minutes","0.006","0.006","0.006","0","RKNF404","secureblue","trivalent-chromium-clean-source","dynamic/github-code-scanning/codeql",""
"2026-01-14","actions","actions_linux","4","minutes","0.006","0.024","0.024","0","RKNF404","secureblue","Trivalent","dynamic/github-code-scanning/codeql",""
"2026-01-14","actions","actions_linux","4","minutes","0.006","0.024","0.024","0","RKNF404","secureblue","Trivalent",".github/workflows/scorecard.yml",""
"2026-01-14","actions","actions_linux","2","minutes","0.006","0.012","0.012","0","dependabot[bot]","secureblue","Trivalent","dynamic/dependabot/dependabot-updates",""
"2026-01-14","actions","actions_linux","2","minutes","0.006","0.012","0.012","0","HastD","secureblue","secureblue",".github/workflows/linkspector.yml",""
"2026-01-14","actions","actions_linux","1","minutes","0.006","0.006","0.006","0","HastD","secureblue","secureblue",".github/workflows/validate_exec_bit.yml",""
"2026-01-14","actions","actions_linux","1","minutes","0.006","0.006","0.006","0","HastD","secureblue","secureblue",".github/workflows/checksum.yml",""
"2026-01-14","actions","actions_linux","1","minutes","0.006","0.006","0.006","0","HastD","secureblue","secureblue",".github/workflows/tests.yml",""
"2026-01-14","actions","actions_linux","1","minutes","0.006","0.006","0.006","0","HastD","secureblue","secureblue",".github/workflows/zizmor.yml",""
"2026-01-14","actions","actions_linux","1","minutes","0.006","0.006","0.006","0","RKNF404","secureblue","trivalent-chromium-clean-source",".github/workflows/zizmor.yml",""
"2026-01-14","actions","actions_linux","5","minutes","0.006","0.03","0.03","0","RoyalOughtness","secureblue","secureblue","dynamic/github-code-scanning/codeql",""
"2026-01-14","actions","actions_linux","3","minutes","0.006","0.018000000000000002","0.018000000000000002","0","RoyalOughtness","secureblue","secureblue",".github/workflows/scorecard.yml",""
"2026-01-14","actions","actions_linux","1","minutes","0.006","0.006","0.006","0","RoyalOughtness","secureblue","secureblue",".github/workflows/zizmor.yml",""
"2026-01-14","actions","actions_linux","1","minutes","0.006","0.006","0.006","0","dependabot[bot]","secureblue","bootc-integration-test-action","dynamic/dependabot/dependabot-updates",""
"2026-01-14","actions","actions_linux","60","minutes","0.006","0.36","0.36","0","HastD","secureblue","secureblue",".github/workflows/pr_build_minimal.yml",""
"2026-01-14","actions","actions_linux","42","minutes","0.006","0.252","0.252","0","RoyalOughtness","secureblue","Trivalent",".github/workflows/build_x86_64.yml",""
"2026-01-14","actions","actions_linux","7","minutes","0.006","0.041999999999999996","0.041999999999999996","0","RoyalOughtness","secureblue","Trivalent","dynamic/github-code-scanning/codeql",""
"2026-01-14","actions","actions_linux","9","minutes","0.006","0.05399999999999999","0.05399999999999999","0","RoyalOughtness","secureblue","Trivalent",".github/workflows/scorecard.yml",""
"2026-01-14","actions","actions_linux","16","minutes","0.006","0.09600000000000002","0.09600000000000002","0","RoyalOughtness","secureblue","Trivalent",".github/workflows/zizmor.yml",""
"2026-01-14","actions","actions_linux","1","minutes","0.006","0.006","0.006","0","dependabot[bot]","secureblue","render-isos","dynamic/dependabot/dependabot-updates",""
"2026-01-14","actions","actions_linux","1","minutes","0.006","0.006","0.006","0","dependabot[bot]","secureblue","rpm-repo-worker","dynamic/dependabot/dependabot-updates",""
"2026-01-14","actions","actions_linux","2","minutes","0.006","0.012","0.012","0","RoyalOughtness","secureblue","secureblue",".github/workflows/provenance.yml",""
"2026-01-14","actions","actions_linux","20","minutes","0.006","0.12","0.12","0","RoyalOughtness","secureblue","secureblue",".github/workflows/integration_tests.yml",""
"2026-01-14","actions","actions_linux_arm","44","minutes","0.005","0.21999999999999997","0.21999999999999997","0","RoyalOughtness","secureblue","Trivalent",".github/workflows/build_aarch64.yml",""
"2026-01-14","actions","actions_self_hosted_linux","64","minutes","0","0","0","0","RoyalOughtness","secureblue","Trivalent",".github/workflows/build_aarch64.yml",""
"2026-01-14","actions","actions_self_hosted_linux","187","minutes","0","0","0","0","RoyalOughtness","secureblue","Trivalent",".github/workflows/build_x86_64.yml",""
"2026-01-14","actions","actions_storage","0.003072312000000001","gigabyte-hours","0.00033602","1.0320000000000007E-06","1.0320000000000007E-06","0","","secureblue","render-isos","",""
"2026-01-14","actions","actions_storage","0.0005573539999999999","gigabyte-hours","0.00033602","1.6799999999999994E-07","1.6799999999999994E-07","0","","secureblue","bootc-integration-test-action","",""
"2026-01-14","actions","actions_storage","0.0021828719999999993","gigabyte-hours","0.00033602","7.200000000000001E-07","7.200000000000001E-07","0","","secureblue","selinux-policy","",""
"2026-01-14","actions","actions_storage","0.003622512000000002","gigabyte-hours","0.00033602","1.1999999999999993E-06","1.1999999999999993E-06","0","","secureblue","approvals-action","",""
"2026-01-14","actions","actions_storage","0.013428441000000001","gigabyte-hours","0.00033602","4.501999999999999E-06","4.501999999999999E-06","0","","secureblue","secureblue","",""
"2026-01-14","actions","actions_storage","1021.4909008640001","gigabyte-hours","0.00033602","0.34324136400000005","0.34324136400000005","0","","secureblue","Trivalent","",""
"2026-01-14","actions","actions_storage","0.003607032000000001","gigabyte-hours","0.00033602","1.1999999999999993E-06","1.1999999999999993E-06","0","","secureblue","rpm-repo-worker","",""
"2026-01-14","actions","actions_storage","0.0007840800000000004","gigabyte-hours","0.00033602","2.400000000000001E-07","2.400000000000001E-07","0","","secureblue","trivalent-subresource-filter","",""
"2026-01-14","actions","actions_storage","0.0002784479999999999","gigabyte-hours","0.00033602","7.2E-08","7.2E-08","0","","secureblue","selinux-policy-rpm","",""
"2026-01-14","actions","actions_storage","0.0003915360000000001","gigabyte-hours","0.00033602","1.2000000000000004E-07","1.2000000000000004E-07","0","","secureblue","trivalent-chromium-clean-source","",""
"2026-01-15","actions","actions_linux","1693","minutes","0.006","10.15800000000001","10.15800000000001","0","RoyalOughtness","secureblue","secureblue",".github/workflows/build-all.yml",""
"2026-01-15","actions","actions_linux","61","minutes","0.006","0.366","0.366","0","HastD","secureblue","secureblue",".github/workflows/pr_build_zfs.yml",""
"2026-01-15","actions","actions_linux","2","minutes","0.006","0.012","0.012","0","HastD","secureblue","secureblue",".github/workflows/justlint.yml",""
"2026-01-15","actions","actions_linux","7","minutes","0.006","0.041999999999999996","0.041999999999999996","0","RoyalOughtness","secureblue","secureblue",".github/workflows/automod.yml",""
"2026-01-15","actions","actions_linux","254","minutes","0.006","1.524","1.524","0","HastD","secureblue","secureblue",".github/workflows/pr_build_minimal.yml",""
"2026-01-15","actions","actions_linux","1","minutes","0.006","0.006","0.006","0","RoyalOughtness","secureblue","Trivalent","dynamic/github-code-scanning/codeql",""
"2026-01-15","actions","actions_linux","1","minutes","0.006","0.006","0.006","0","RKNF404","secureblue","Trivalent",".github/workflows/zizmor.yml",""
"2026-01-15","actions","actions_linux","1","minutes","0.006","0.006","0.006","0","dependabot[bot]","secureblue","architecture","dynamic/dependabot/dependabot-updates",""
"2026-01-15","actions","actions_linux","1","minutes","0.006","0.006","0.006","0","dependabot[bot]","secureblue","bootc-integration-test-action","dynamic/dependabot/dependabot-updates",""
"2026-01-15","actions","actions_linux","2","minutes","0.006","0.012","0.012","0","HastD","secureblue","secureblue",".github/workflows/ruff.yml",""
"2026-01-15","actions","actions_linux","387","minutes","0.006","2.322","2.322","0","HastD","secureblue","secureblue",".github/workflows/pr_build_all_main.yml",""
"2026-01-15","actions","actions_linux","1","minutes","0.006","0.006","0.006","0","dependabot[bot]","secureblue","rpm-repo-worker","dynamic/dependabot/dependabot-updates",""
"2026-01-15","actions","actions_linux","5","minutes","0.006","0.03","0.03","0","HastD","secureblue","secureblue",".github/workflows/zizmor.yml",""
"2026-01-15","actions","actions_linux","5","minutes","0.006","0.03","0.03","0","HastD","secureblue","secureblue",".github/workflows/tests.yml",""
"2026-01-15","actions","actions_linux","13","minutes","0.006","0.07799999999999999","0.07799999999999999","0","RoyalOughtness","secureblue","Trivalent",".github/workflows/build_x86_64.yml",""
"2026-01-15","actions","actions_linux","1","minutes","0.006","0.006","0.006","0","dependabot[bot]","secureblue","selinux-policy","dynamic/dependabot/dependabot-updates",""
"2026-01-15","actions","actions_linux","3","minutes","0.006","0.018000000000000002","0.018000000000000002","0","RoyalOughtness","secureblue","Trivalent",".github/workflows/build_aarch64.yml",""
"2026-01-15","actions","actions_linux","78","minutes","0.006","0.46799999999999997","0.46799999999999997","0","HastD","secureblue","secureblue",".github/workflows/pr_build_nvidia.yml",""
"2026-01-15","actions","actions_linux","2","minutes","0.006","0.012","0.012","0","RoyalOughtness","secureblue","secureblue",".github/workflows/provenance.yml",""
"2026-01-15","actions","actions_linux","5","minutes","0.006","0.03","0.03","0","HastD","secureblue","secureblue",".github/workflows/validate_exec_bit.yml",""
"2026-01-15","actions","actions_linux","5","minutes","0.006","0.03","0.03","0","HastD","secureblue","secureblue",".github/workflows/checksum.yml",""
"2026-01-15","actions","actions_linux","1","minutes","0.006","0.006","0.006","0","tpaau","secureblue","Trivalent",".github/workflows/zizmor.yml",""
"2026-01-15","actions","actions_linux","5","minutes","0.006","0.03","0.03","0","HastD","secureblue","secureblue",".github/workflows/linkspector.yml",""
"2026-01-15","actions","actions_linux","1","minutes","0.006","0.006","0.006","0","RoyalOughtness","secureblue","secureblue",".github/workflows/trivy.yml",""
"2026-01-15","actions","actions_linux","1","minutes","0.006","0.006","0.006","0","dependabot[bot]","secureblue","render-isos","dynamic/dependabot/dependabot-updates",""
"2026-01-15","actions","actions_linux","1","minutes","0.006","0.006","0.006","0","RoyalOughtness","secureblue","Trivalent",".github/workflows/scorecard.yml",""
"2026-01-15","actions","actions_linux","3","minutes","0.006","0.018000000000000002","0.018000000000000002","0","Xenomaniacal","secureblue","secureblue",".github/workflows/automod.yml",""
"2026-01-15","actions","actions_linux","1","minutes","0.006","0.006","0.006","0","dependabot[bot]","secureblue","selinux-policy-rpm","dynamic/dependabot/dependabot-updates",""
"2026-01-15","actions","actions_linux","74","minutes","0.006","0.444","0.444","0","RoyalOughtness","secureblue","secureblue",".github/workflows/integration_tests.yml",""
"2026-01-15","actions","actions_linux","1","minutes","0.006","0.006","0.006","0","dependabot[bot]","secureblue","trivalent-chromium-clean-source","dynamic/dependabot/dependabot-updates",""
"2026-01-15","actions","actions_linux","1","minutes","0.006","0.006","0.006","0","RoyalOughtness","secureblue","selinux-policy",".github/workflows/upstream-sync.yml",""
"2026-01-15","actions","actions_linux","1","minutes","0.006","0.006","0.006","0","dependabot[bot]","secureblue","trivalent-subresource-filter","dynamic/dependabot/dependabot-updates",""
"2026-01-15","actions","actions_linux","1","minutes","0.006","0.006","0.006","0","RKNF404","secureblue","secureblue",".github/workflows/automod.yml",""
"2026-01-15","actions","actions_linux","6","minutes","0.006","0.036000000000000004","0.036000000000000004","0","dependabot[bot]","secureblue","Trivalent","dynamic/dependabot/dependabot-updates",""
"2026-01-15","actions","actions_linux","2","minutes","0.006","0.012","0.012","0","RoyalOughtness","secureblue","secureblue",".github/workflows/scorecard.yml",""
"2026-01-15","actions","actions_linux","2","minutes","0.006","0.012","0.012","0","dependabot[bot]","secureblue","secureblue","dynamic/dependabot/dependabot-updates",""
"2026-01-15","actions","actions_linux_arm","10","minutes","0.005","0.05","0.05","0","RoyalOughtness","secureblue","Trivalent",".github/workflows/build_aarch64.yml",""
"2026-01-15","actions","actions_self_hosted_linux","132","minutes","0","0","0","0","RoyalOughtness","secureblue","Trivalent",".github/workflows/build_aarch64.yml",""
"2026-01-15","actions","actions_self_hosted_linux","87","minutes","0","0","0","0","RoyalOughtness","secureblue","Trivalent",".github/workflows/build_x86_64.yml",""
"2026-01-15","actions","actions_storage","0.0005567519999999999","gigabyte-hours","0.00033602","1.6799999999999994E-07","1.6799999999999994E-07","0","","secureblue","bootc-integration-test-action","",""
"2026-01-15","actions","actions_storage","0.003072312000000001","gigabyte-hours","0.00033602","1.0320000000000007E-06","1.0320000000000007E-06","0","","secureblue","render-isos","",""
"2026-01-15","actions","actions_storage","0.013853972999999999","gigabyte-hours","0.00033602","4.640000000000001E-06","4.640000000000001E-06","0","","secureblue","secureblue","",""
"2026-01-15","actions","actions_storage","0.0007840800000000004","gigabyte-hours","0.00033602","2.400000000000001E-07","2.400000000000001E-07","0","","secureblue","trivalent-subresource-filter","",""
"2026-01-15","actions","actions_storage","0.0021828719999999993","gigabyte-hours","0.00033602","7.200000000000001E-07","7.200000000000001E-07","0","","secureblue","selinux-policy","",""
"2026-01-15","actions","actions_storage","0.0002784479999999999","gigabyte-hours","0.00033602","7.2E-08","7.2E-08","0","","secureblue","selinux-policy-rpm","",""
"2026-01-15","actions","actions_storage","0.003607032000000001","gigabyte-hours","0.00033602","1.1999999999999993E-06","1.1999999999999993E-06","0","","secureblue","rpm-repo-worker","",""
"2026-01-15","actions","actions_storage","0.003622512000000002","gigabyte-hours","0.00033602","1.1999999999999993E-06","1.1999999999999993E-06","0","","secureblue","approvals-action","",""
"2026-01-15","actions","actions_storage","0.0003915360000000001","gigabyte-hours","0.00033602","1.2000000000000004E-07","1.2000000000000004E-07","0","","secureblue","trivalent-chromium-clean-source","",""
"2026-01-15","actions","actions_storage","1543.4319059800005","gigabyte-hours","0.00033602","0.5186239710000001","0.5186239710000001","0","","secureblue","Trivalent","",""
"2026-01-16","actions","actions_linux","2","minutes","0.006","0.012","0.012","0","RoyalOughtness","secureblue","secureblue",".github/workflows/provenance.yml",""
"2026-01-16","actions","actions_linux","1","minutes","0.006","0.006","0.006","0","dependabot[bot]","secureblue","rpm-repo-worker","dynamic/dependabot/dependabot-updates",""
"2026-01-16","actions","actions_linux","1","minutes","0.006","0.006","0.006","0","RoyalOughtness","secureblue","secureblue",".github/workflows/trivy.yml",""
"2026-01-16","actions","actions_linux","18","minutes","0.006","0.108","0.108","0","RoyalOughtness","secureblue","secureblue",".github/workflows/integration_tests.yml",""
"2026-01-16","actions","actions_linux","1","minutes","0.006","0.006","0.006","0","paleharp3","secureblue","secureblue",".github/workflows/automod.yml",""
"2026-01-16","actions","actions_linux","3","minutes","0.006","0.018","0.018","0","dependabot[bot]","secureblue","secureblue","dynamic/dependabot/dependabot-updates",""
"2026-01-16","actions","actions_linux","1","minutes","0.006","0.006","0.006","0","friskyungulate","secureblue","secureblue",".github/workflows/validate_exec_bit.yml",""
"2026-01-16","actions","actions_linux","1","minutes","0.006","0.006","0.006","0","friskyungulate","secureblue","secureblue",".github/workflows/checksum.yml",""
"2026-01-16","actions","actions_linux","1","minutes","0.006","0.006","0.006","0","friskyungulate","secureblue","secureblue",".github/workflows/zizmor.yml",""
"2026-01-16","actions","actions_linux","1","minutes","0.006","0.006","0.006","0","friskyungulate","secureblue","secureblue",".github/workflows/tests.yml",""
"2026-01-16","actions","actions_linux","1","minutes","0.006","0.006","0.006","0","friskyungulate","secureblue","secureblue",".github/workflows/linkspector.yml",""
"2026-01-16","actions","actions_linux","19","minutes","0.006","0.114","0.114","0","friskyungulate","secureblue","secureblue",".github/workflows/pr_build_all_main.yml",""
"2026-01-16","actions","actions_linux","904","minutes","0.006","5.423999999999999","5.423999999999999","0","HastD","secureblue","secureblue",".github/workflows/build-all.yml",""
"2026-01-16","actions","actions_linux","1","minutes","0.006","0.006","0.006","0","dependabot[bot]","secureblue","trivalent-subresource-filter","dynamic/dependabot/dependabot-updates",""
"2026-01-16","actions","actions_linux","1","minutes","0.006","0.006","0.006","0","tpaau","secureblue","Trivalent",".github/workflows/zizmor.yml",""
"2026-01-16","actions","actions_linux","2","minutes","0.006","0.012","0.012","0","dependabot[bot]","secureblue","Trivalent","dynamic/dependabot/dependabot-updates",""
"2026-01-16","actions","actions_linux","1","minutes","0.006","0.006","0.006","0","HastD","secureblue","secureblue",".github/workflows/automod.yml",""
"2026-01-16","actions","actions_linux","1","minutes","0.006","0.006","0.006","0","github-advanced-security[bot]","secureblue","Trivalent","dynamic/github-code-scanning/codeql",""
"2026-01-16","actions","actions_linux","5","minutes","0.006","0.03","0.03","0","github-advanced-security[bot]","secureblue","secureblue","dynamic/github-code-scanning/codeql",""
"2026-01-16","actions","actions_linux","836","minutes","0.006","5.016000000000003","5.016000000000003","0","RoyalOughtness","secureblue","secureblue",".github/workflows/build-all.yml",""
"2026-01-16","actions","actions_linux","1","minutes","0.006","0.006","0.006","0","RoyalOughtness","secureblue","selinux-policy",".github/workflows/upstream-sync.yml",""
"2026-01-16","actions","actions_linux","1","minutes","0.006","0.006","0.006","0","dependabot[bot]","secureblue","selinux-policy","dynamic/dependabot/dependabot-updates",""
"2026-01-16","actions","actions_linux","1","minutes","0.006","0.006","0.006","0","dependabot[bot]","secureblue","render-isos","dynamic/dependabot/dependabot-updates",""
"2026-01-16","actions","actions_linux","96","minutes","0.006","0.576","0.576","0","HastD","secureblue","secureblue",".github/workflows/pr_build_minimal.yml",""
"2026-01-16","actions","actions_linux","1","minutes","0.006","0.006","0.006","0","dependabot[bot]","secureblue","architecture","dynamic/dependabot/dependabot-updates",""
"2026-01-16","actions","actions_linux","2","minutes","0.006","0.012","0.012","0","HastD","secureblue","secureblue",".github/workflows/validate_exec_bit.yml",""
"2026-01-16","actions","actions_linux","2","minutes","0.006","0.012","0.012","0","HastD","secureblue","secureblue",".github/workflows/checksum.yml",""
"2026-01-16","actions","actions_linux","2","minutes","0.006","0.012","0.012","0","HastD","secureblue","secureblue",".github/workflows/tests.yml",""
"2026-01-16","actions","actions_linux","1","minutes","0.006","0.006","0.006","0","HastD","secureblue","secureblue",".github/workflows/justlint.yml",""
"2026-01-16","actions","actions_linux","2","minutes","0.006","0.012","0.012","0","HastD","secureblue","secureblue",".github/workflows/zizmor.yml",""
"2026-01-16","actions","actions_linux","2","minutes","0.006","0.012","0.012","0","HastD","secureblue","secureblue",".github/workflows/linkspector.yml",""
"2026-01-16","actions","actions_linux","1","minutes","0.006","0.006","0.006","0","dependabot[bot]","secureblue","bootc-integration-test-action","dynamic/dependabot/dependabot-updates",""
"2026-01-16","actions","actions_linux","1","minutes","0.006","0.006","0.006","0","dependabot[bot]","secureblue","trivalent-chromium-clean-source","dynamic/dependabot/dependabot-updates",""
"2026-01-16","actions","actions_linux","1","minutes","0.006","0.006","0.006","0","dependabot[bot]","secureblue","selinux-policy-rpm","dynamic/dependabot/dependabot-updates",""
"2026-01-16","actions","actions_linux","1","minutes","0.006","0.006","0.006","0","RoyalOughtness","secureblue","trivalent-subresource-filter",".github/workflows/rebuild.yml",""
"2026-01-16","actions","actions_storage","1575.0883647559995","gigabyte-hours","0.00033602","0.5292611690000002","0.5292611690000002","0","","secureblue","Trivalent","",""
"2026-01-16","actions","actions_storage","0.0021828719999999993","gigabyte-hours","0.00033602","7.200000000000001E-07","7.200000000000001E-07","0","","secureblue","selinux-policy","",""
"2026-01-16","actions","actions_storage","0.003607032000000001","gigabyte-hours","0.00033602","1.1999999999999993E-06","1.1999999999999993E-06","0","","secureblue","rpm-repo-worker","",""
"2026-01-16","actions","actions_storage","0.0002784479999999999","gigabyte-hours","0.00033602","7.2E-08","7.2E-08","0","","secureblue","selinux-policy-rpm","",""
"2026-01-16","actions","actions_storage","0.003072312000000001","gigabyte-hours","0.00033602","1.0320000000000007E-06","1.0320000000000007E-06","0","","secureblue","render-isos","",""
"2026-01-16","actions","actions_storage","0.0007840800000000004","gigabyte-hours","0.00033602","2.400000000000001E-07","2.400000000000001E-07","0","","secureblue","trivalent-subresource-filter","",""
"2026-01-16","actions","actions_storage","0.002718996000000001","gigabyte-hours","0.00033602","8.999999999999996E-07","8.999999999999996E-07","0","","secureblue","approvals-action","",""
"2026-01-16","actions","actions_storage","0.0005567519999999999","gigabyte-hours","0.00033602","1.6799999999999994E-07","1.6799999999999994E-07","0","","secureblue","bootc-integration-test-action","",""
"2026-01-16","actions","actions_storage","0.013793951999999996","gigabyte-hours","0.00033602","4.618000000000002E-06","4.618000000000002E-06","0","","secureblue","secureblue","",""
"2026-01-16","actions","actions_storage","0.0003915360000000001","gigabyte-hours","0.00033602","1.2000000000000004E-07","1.2000000000000004E-07","0","","secureblue","trivalent-chromium-clean-source","",""
"2026-01-17","actions","actions_linux","6","minutes","0.006","0.036000000000000004","0.036000000000000004","0","HastD","secureblue","secureblue","dynamic/github-code-scanning/codeql",""
"2026-01-17","actions","actions_linux","1","minutes","0.006","0.006","0.006","0","HastD","secureblue","secureblue",".github/workflows/trivy.yml",""
"2026-01-17","actions","actions_linux","1","minutes","0.006","0.006","0.006","0","HastD","secureblue","homebrew","dynamic/github-code-scanning/codeql",""
"2026-01-17","actions","actions_linux","1","minutes","0.006","0.006","0.006","0","HastD","secureblue","secureblue",".github/workflows/scorecard.yml",""
"2026-01-17","actions","actions_linux","18","minutes","0.006","0.108","0.108","0","RoyalOughtness","secureblue","secureblue",".github/workflows/integration_tests.yml",""
"2026-01-17","actions","actions_linux","2","minutes","0.006","0.012","0.012","0","Alifoss","secureblue","secureblue",".github/workflows/automod.yml",""
"2026-01-17","actions","actions_linux","1","minutes","0.006","0.006","0.006","0","RoyalOughtness","secureblue","selinux-policy",".github/workflows/upstream-sync.yml",""
"2026-01-17","actions","actions_linux","1","minutes","0.006","0.006","0.006","0","dependabot[bot]","secureblue","homebrew","dynamic/dependabot/dependabot-updates",""
"2026-01-17","actions","actions_linux","163","minutes","0.006","0.9780000000000001","0.9780000000000001","0","friskyungulate","secureblue","secureblue",".github/workflows/pr_build_all_main.yml",""
"2026-01-17","actions","actions_linux","44","minutes","0.006","0.264","0.264","0","friskyungulate","secureblue","secureblue",".github/workflows/pr_build_minimal.yml",""
"2026-01-17","actions","actions_linux","1","minutes","0.006","0.006","0.006","0","RoyalOughtness","secureblue","Trivalent",".github/workflows/scorecard.yml",""
"2026-01-17","actions","actions_linux","1549","minutes","0.006","9.294000000000015","9.294000000000015","0","HastD","secureblue","secureblue",".github/workflows/build-all.yml",""
"2026-01-17","actions","actions_linux","1","minutes","0.006","0.006","0.006","0","RoyalOughtness","secureblue","Trivalent","dynamic/github-code-scanning/codeql",""
"2026-01-17","actions","actions_linux","757","minutes","0.006","4.541999999999991","4.541999999999991","0","RoyalOughtness","secureblue","secureblue",".github/workflows/build-all.yml",""
"2026-01-17","actions","actions_linux","1","minutes","0.006","0.006","0.006","0","RoyalOughtness","secureblue","secureblue",".github/workflows/trivy.yml",""
"2026-01-17","actions","actions_linux","1","minutes","0.006","0.006","0.006","0","github-advanced-security[bot]","secureblue","architecture","dynamic/github-code-scanning/codeql",""
"2026-01-17","actions","actions_linux","1","minutes","0.006","0.006","0.006","0","RoyalOughtness","secureblue","secureblue",".github/workflows/provenance.yml",""
"2026-01-17","actions","actions_linux","1","minutes","0.006","0.006","0.006","0","HastD","secureblue","secureblue",".github/workflows/zizmor.yml",""
"2026-01-17","actions","actions_linux","2","minutes","0.006","0.012","0.012","0","HastD","secureblue","secureblue",".github/workflows/automod.yml",""
"2026-01-17","actions","actions_storage","0.0018130650000000004","gigabyte-hours","0.00033602","5.999999999999997E-07","5.999999999999997E-07","0","","secureblue","approvals-action","",""
"2026-01-17","actions","actions_storage","0.003072312000000001","gigabyte-hours","0.00033602","1.0320000000000007E-06","1.0320000000000007E-06","0","","secureblue","render-isos","",""
"2026-01-17","actions","actions_storage","0.0007840800000000004","gigabyte-hours","0.00033602","2.400000000000001E-07","2.400000000000001E-07","0","","secureblue","trivalent-subresource-filter","",""
"2026-01-17","actions","actions_storage","0.0003915360000000001","gigabyte-hours","0.00033602","1.2000000000000004E-07","1.2000000000000004E-07","0","","secureblue","trivalent-chromium-clean-source","",""
"2026-01-17","actions","actions_storage","0.0005567519999999999","gigabyte-hours","0.00033602","1.6799999999999994E-07","1.6799999999999994E-07","0","","secureblue","bootc-integration-test-action","",""
"2026-01-17","actions","actions_storage","0.0021828719999999993","gigabyte-hours","0.00033602","7.200000000000001E-07","7.200000000000001E-07","0","","secureblue","selinux-policy","",""
"2026-01-17","actions","actions_storage","0.0002784479999999999","gigabyte-hours","0.00033602","7.2E-08","7.2E-08","0","","secureblue","selinux-policy-rpm","",""
"2026-01-17","actions","actions_storage","0.013769616000000002","gigabyte-hours","0.00033602","4.623000000000001E-06","4.623000000000001E-06","0","","secureblue","secureblue","",""
"2026-01-17","actions","actions_storage","0.003607032000000001","gigabyte-hours","0.00033602","1.1999999999999993E-06","1.1999999999999993E-06","0","","secureblue","rpm-repo-worker","",""
"2026-01-17","actions","actions_storage","1574.6485292539996","gigabyte-hours","0.00033602","0.5291133780000001","0.5291133780000001","0","","secureblue","Trivalent","",""
"2026-01-18","actions","actions_linux","1","minutes","0.006","0.006","0.006","0","github-advanced-security[bot]","secureblue","selinux-policy-rpm","dynamic/github-code-scanning/codeql",""
"2026-01-18","actions","actions_linux","775","minutes","0.006","4.649999999999999","4.649999999999999","0","HastD","secureblue","secureblue",".github/workflows/build-all.yml",""
"2026-01-18","actions","actions_linux","47","minutes","0.006","0.282","0.282","0","alexvojproc","secureblue","secureblue",".github/workflows/pr_build_minimal.yml",""
"2026-01-18","actions","actions_linux","45","minutes","0.006","0.27","0.27","0","mathbreed","secureblue","secureblue",".github/workflows/pr_build_minimal.yml",""
"2026-01-18","actions","actions_linux","185","minutes","0.006","1.11","1.11","0","alexvojproc","secureblue","secureblue",".github/workflows/pr_build_all_main.yml",""
"2026-01-18","actions","actions_linux","1","minutes","0.006","0.006","0.006","0","RoyalOughtness","secureblue","selinux-policy",".github/workflows/upstream-sync.yml",""
"2026-01-18","actions","actions_linux","1","minutes","0.006","0.006","0.006","0","alexvojproc","secureblue","secureblue",".github/workflows/checksum.yml",""
"2026-01-18","actions","actions_linux","1","minutes","0.006","0.006","0.006","0","alexvojproc","secureblue","secureblue",".github/workflows/validate_exec_bit.yml",""
"2026-01-18","actions","actions_linux","1","minutes","0.006","0.006","0.006","0","alexvojproc","secureblue","secureblue",".github/workflows/zizmor.yml",""
"2026-01-18","actions","actions_linux","1","minutes","0.006","0.006","0.006","0","alexvojproc","secureblue","secureblue",".github/workflows/linkspector.yml",""
"2026-01-18","actions","actions_linux","1","minutes","0.006","0.006","0.006","0","mathbreed","secureblue","secureblue",".github/workflows/tests.yml",""
"2026-01-18","actions","actions_linux","1","minutes","0.006","0.006","0.006","0","mathbreed","secureblue","secureblue",".github/workflows/zizmor.yml",""
"2026-01-18","actions","actions_linux","1","minutes","0.006","0.006","0.006","0","mathbreed","secureblue","secureblue",".github/workflows/justlint.yml",""
"2026-01-18","actions","actions_linux","1","minutes","0.006","0.006","0.006","0","mathbreed","secureblue","secureblue",".github/workflows/checksum.yml",""
"2026-01-18","actions","actions_linux","141","minutes","0.006","0.8460000000000001","0.8460000000000001","0","HastD","secureblue","secureblue",".github/workflows/pr_build_minimal.yml",""
"2026-01-18","actions","actions_linux","3","minutes","0.006","0.018000000000000002","0.018000000000000002","0","Qutiess","secureblue","secureblue",".github/workflows/checksum.yml",""
"2026-01-18","actions","actions_linux","1","minutes","0.006","0.006","0.006","0","mathbreed","secureblue","secureblue",".github/workflows/validate_exec_bit.yml",""
"2026-01-18","actions","actions_linux","1","minutes","0.006","0.006","0.006","0","github-advanced-security[bot]","secureblue","trivalent-subresource-filter","dynamic/github-code-scanning/codeql",""
"2026-01-18","actions","actions_linux","1","minutes","0.006","0.006","0.006","0","alexvojproc","secureblue","secureblue",".github/workflows/tests.yml",""
"2026-01-18","actions","actions_linux","20","minutes","0.006","0.12","0.12","0","RoyalOughtness","secureblue","secureblue",".github/workflows/integration_tests.yml",""
"2026-01-18","actions","actions_linux","82","minutes","0.006","0.492","0.492","0","RoyalOughtness","secureblue","secureblue",".github/workflows/cleanup.yml",""
"2026-01-18","actions","actions_linux","2","minutes","0.006","0.012","0.012","0","RoyalOughtness","secureblue","secureblue",".github/workflows/provenance.yml",""
"2026-01-18","actions","actions_linux","1","minutes","0.006","0.006","0.006","0","mathbreed","secureblue","secureblue",".github/workflows/linkspector.yml",""
"2026-01-18","actions","actions_linux","573","minutes","0.006","3.4379999999999997","3.4379999999999997","0","HastD","secureblue","secureblue",".github/workflows/pr_build_all_main.yml",""
"2026-01-18","actions","actions_linux","1","minutes","0.006","0.006","0.006","0","HastD","secureblue","secureblue",".github/workflows/trivy.yml",""
"2026-01-18","actions","actions_linux","5","minutes","0.006","0.03","0.03","0","HastD","secureblue","secureblue","dynamic/github-code-scanning/codeql",""
"2026-01-18","actions","actions_linux","75","minutes","0.006","0.44999999999999996","0.44999999999999996","0","HastD","secureblue","secureblue",".github/workflows/pr_build_nvidia.yml",""
"2026-01-18","actions","actions_linux","116","minutes","0.006","0.696","0.696","0","HastD","secureblue","secureblue",".github/workflows/pr_build_zfs.yml",""
"2026-01-18","actions","actions_linux","3","minutes","0.006","0.018000000000000002","0.018000000000000002","0","Qutiess","secureblue","secureblue",".github/workflows/linkspector.yml",""
"2026-01-18","actions","actions_linux","3","minutes","0.006","0.018000000000000002","0.018000000000000002","0","Qutiess","secureblue","secureblue",".github/workflows/validate_exec_bit.yml",""
"2026-01-18","actions","actions_linux","4","minutes","0.006","0.024","0.024","0","HastD","secureblue","secureblue",".github/workflows/tests.yml",""
"2026-01-18","actions","actions_linux","3","minutes","0.006","0.018000000000000002","0.018000000000000002","0","Qutiess","secureblue","secureblue",".github/workflows/justlint.yml",""
"2026-01-18","actions","actions_linux","3","minutes","0.006","0.018000000000000002","0.018000000000000002","0","Qutiess","secureblue","secureblue",".github/workflows/ruff.yml",""
"2026-01-18","actions","actions_linux","3","minutes","0.006","0.018000000000000002","0.018000000000000002","0","Qutiess","secureblue","secureblue",".github/workflows/tests.yml",""
"2026-01-18","actions","actions_linux","3","minutes","0.006","0.018000000000000002","0.018000000000000002","0","Qutiess","secureblue","secureblue",".github/workflows/zizmor.yml",""
"2026-01-18","actions","actions_linux","95","minutes","0.006","0.5700000000000001","0.5700000000000001","0","Qutiess","secureblue","secureblue",".github/workflows/pr_build_minimal.yml",""
"2026-01-18","actions","actions_linux","2","minutes","0.006","0.012","0.012","0","HastD","secureblue","secureblue",".github/workflows/ruff.yml",""
"2026-01-18","actions","actions_linux","5","minutes","0.006","0.03","0.03","0","HastD","secureblue","secureblue",".github/workflows/zizmor.yml",""
"2026-01-18","actions","actions_linux","4","minutes","0.006","0.024","0.024","0","HastD","secureblue","secureblue",".github/workflows/validate_exec_bit.yml",""
"2026-01-18","actions","actions_linux","4","minutes","0.006","0.024","0.024","0","HastD","secureblue","secureblue",".github/workflows/linkspector.yml",""
"2026-01-18","actions","actions_linux","2","minutes","0.006","0.012","0.012","0","github-advanced-security[bot]","secureblue","rpm-repo-worker","dynamic/github-code-scanning/codeql",""
"2026-01-18","actions","actions_linux","4","minutes","0.006","0.024","0.024","0","HastD","secureblue","secureblue",".github/workflows/checksum.yml",""
"2026-01-18","actions","actions_linux","2","minutes","0.006","0.012","0.012","0","HastD","secureblue","secureblue",".github/workflows/justlint.yml",""
"2026-01-18","actions","actions_linux","763","minutes","0.006","4.577999999999999","4.577999999999999","0","RoyalOughtness","secureblue","secureblue",".github/workflows/build-all.yml",""
"2026-01-18","actions","actions_linux","1","minutes","0.006","0.006","0.006","0","RoyalOughtness","secureblue","secureblue",".github/workflows/trivy.yml",""
"2026-01-18","actions","actions_linux","2","minutes","0.006","0.012","0.012","0","github-advanced-security[bot]","secureblue","selinux-policy","dynamic/github-code-scanning/codeql",""
"2026-01-18","actions","actions_linux","1","minutes","0.006","0.006","0.006","0","HastD","secureblue","secureblue",".github/workflows/scorecard.yml",""
"2026-01-18","actions","actions_storage","0.0007514100000000003","gigabyte-hours","0.00033602","2.300000000000001E-07","2.300000000000001E-07","0","","secureblue","trivalent-subresource-filter","",""
"2026-01-18","actions","actions_storage","1504.8204271999998","gigabyte-hours","0.00033602","0.5056497590000001","0.5056497590000001","0","","secureblue","Trivalent","",""
"2026-01-18","actions","actions_storage","0.0017374200000000004","gigabyte-hours","0.00033602","5.749999999999997E-07","5.749999999999997E-07","0","","secureblue","approvals-action","",""
"2026-01-18","actions","actions_storage","0.0003752220000000001","gigabyte-hours","0.00033602","1.1500000000000005E-07","1.1500000000000005E-07","0","","secureblue","trivalent-chromium-clean-source","",""
"2026-01-18","actions","actions_storage","0.002944299000000001","gigabyte-hours","0.00033602","9.890000000000006E-07","9.890000000000006E-07","0","","secureblue","render-isos","",""
"2026-01-18","actions","actions_storage","0.013056906","gigabyte-hours","0.00033602","4.377000000000001E-06","4.377000000000001E-06","0","","secureblue","secureblue","",""
"2026-01-18","actions","actions_storage","0.0020919189999999994","gigabyte-hours","0.00033602","6.900000000000001E-07","6.900000000000001E-07","0","","secureblue","selinux-policy","",""
"2026-01-18","actions","actions_storage","0.0005335539999999999","gigabyte-hours","0.00033602","1.6099999999999995E-07","1.6099999999999995E-07","0","","secureblue","bootc-integration-test-action","",""
"2026-01-18","actions","actions_storage","0.0002668459999999999","gigabyte-hours","0.00033602","6.9E-08","6.9E-08","0","","secureblue","selinux-policy-rpm","",""
"2026-01-18","actions","actions_storage","0.0034567390000000008","gigabyte-hours","0.00033602","1.1499999999999994E-06","1.1499999999999994E-06","0","","secureblue","rpm-repo-worker","",""
"2026-01-19","actions","actions_linux","1","minutes","0.006","0.006","0.006","0","github-advanced-security[bot]","secureblue","trivalent-chromium-clean-source","dynamic/github-code-scanning/codeql",""
"2026-01-19","actions","actions_linux","1","minutes","0.006","0.006","0.006","0","Felakgundu","secureblue","secureblue",".github/workflows/automod.yml",""
"2026-01-19","actions","actions_linux","93","minutes","0.006","0.558","0.558","0","dependabot[bot]","secureblue","secureblue",".github/workflows/pr_build_minimal.yml",""
"2026-01-19","actions","actions_linux","1","minutes","0.006","0.006","0.006","0","dependabot[bot]","secureblue","trivalent-chromium-clean-source","dynamic/dependabot/dependabot-updates",""
"2026-01-19","actions","actions_linux","746","minutes","0.006","4.475999999999992","4.475999999999992","0","RoyalOughtness","secureblue","secureblue",".github/workflows/build-all.yml",""
"2026-01-19","actions","actions_linux","3","minutes","0.006","0.018000000000000002","0.018000000000000002","0","HastD","secureblue","homebrew",".github/workflows/zizmor.yml",""
"2026-01-19","actions","actions_linux","9","minutes","0.006","0.05399999999999999","0.05399999999999999","0","HastD","secureblue","homebrew",".github/workflows/lint.yml",""
"2026-01-19","actions","actions_linux","197","minutes","0.006","1.1819999999999997","1.1819999999999997","0","HastD","secureblue","secureblue",".github/workflows/pr_build_all_main.yml",""
"2026-01-19","actions","actions_linux","1","minutes","0.006","0.006","0.006","0","dependabot[bot]","secureblue","bootc-integration-test-action","dynamic/dependabot/dependabot-updates",""
"2026-01-19","actions","actions_linux","5","minutes","0.006","0.03","0.03","0","dependabot[bot]","secureblue","secureblue","dynamic/dependabot/dependabot-updates",""
"2026-01-19","actions","actions_linux","2","minutes","0.006","0.012","0.012","0","dependabot[bot]","secureblue","secureblue",".github/workflows/validate_exec_bit.yml",""
"2026-01-19","actions","actions_linux","2","minutes","0.006","0.012","0.012","0","dependabot[bot]","secureblue","secureblue",".github/workflows/checksum.yml",""
"2026-01-19","actions","actions_linux","2","minutes","0.006","0.012","0.012","0","dependabot[bot]","secureblue","secureblue",".github/workflows/tests.yml",""
"2026-01-19","actions","actions_linux","2","minutes","0.006","0.012","0.012","0","dependabot[bot]","secureblue","secureblue",".github/workflows/zizmor.yml",""
"2026-01-19","actions","actions_linux","2","minutes","0.006","0.012","0.012","0","dependabot[bot]","secureblue","secureblue",".github/workflows/linkspector.yml",""
"2026-01-19","actions","actions_linux","1","minutes","0.006","0.006","0.006","0","dependabot[bot]","secureblue","trivalent-subresource-filter","dynamic/dependabot/dependabot-updates",""
"2026-01-19","actions","actions_linux","1","minutes","0.006","0.006","0.006","0","dependabot[bot]","secureblue","architecture","dynamic/dependabot/dependabot-updates",""
"2026-01-19","actions","actions_linux","1","minutes","0.006","0.006","0.006","0","RoyalOughtness","secureblue","secureblue",".github/workflows/update-po.yml",""
"2026-01-19","actions","actions_linux","1","minutes","0.006","0.006","0.006","0","RoyalOughtness","secureblue","secureblue",".github/workflows/trivy.yml",""
"2026-01-19","actions","actions_linux","1","minutes","0.006","0.006","0.006","0","dependabot[bot]","secureblue","render-isos","dynamic/dependabot/dependabot-updates",""
"2026-01-19","actions","actions_linux","1","minutes","0.006","0.006","0.006","0","HastD","secureblue","secureblue",".github/workflows/ruff.yml",""
"2026-01-19","actions","actions_linux","4","minutes","0.006","0.024","0.024","0","RoyalOughtness","secureblue","secureblue",".github/workflows/automod.yml",""
"2026-01-19","actions","actions_linux","2","minutes","0.006","0.012","0.012","0","HastD","secureblue","secureblue",".github/workflows/justlint.yml",""
"2026-01-19","actions","actions_linux","2","minutes","0.006","0.012","0.012","0","alexvojproc","secureblue","secureblue",".github/workflows/linkspector.yml",""
"2026-01-19","actions","actions_linux","1","minutes","0.006","0.006","0.006","0","github-advanced-security[bot]","secureblue","render-isos","dynamic/github-code-scanning/codeql",""
"2026-01-19","actions","actions_linux","1","minutes","0.006","0.006","0.006","0","dependabot[bot]","secureblue","rpm-repo-worker","dynamic/dependabot/dependabot-updates",""
"2026-01-19","actions","actions_linux","3","minutes","0.006","0.018000000000000002","0.018000000000000002","0","HastD","secureblue","secureblue",".github/workflows/linkspector.yml",""
"2026-01-19","actions","actions_linux","2","minutes","0.006","0.012","0.012","0","Tiagoquix","secureblue","secureblue",".github/workflows/automod.yml",""
"2026-01-19","actions","actions_linux","45","minutes","0.006","0.27","0.27","0","Tiagoquix","secureblue","secureblue",".github/workflows/pr_build_minimal.yml",""
"2026-01-19","actions","actions_linux","69","minutes","0.006","0.41400000000000003","0.41400000000000003","0","alexvojproc","secureblue","secureblue",".github/workflows/pr_build_minimal.yml",""
"2026-01-19","actions","actions_linux","1","minutes","0.006","0.006","0.006","0","RoyalOughtness","secureblue","trivalent-subresource-filter",".github/workflows/rebuild.yml",""
"2026-01-19","actions","actions_linux","2","minutes","0.006","0.012","0.012","0","RoyalOughtness","secureblue","secureblue",".github/workflows/provenance.yml",""
"2026-01-19","actions","actions_linux","280","minutes","0.006","1.68","1.68","0","alexvojproc","secureblue","secureblue",".github/workflows/pr_build_all_main.yml",""
"2026-01-19","actions","actions_linux","1","minutes","0.006","0.006","0.006","0","dependabot[bot]","secureblue","Trivalent",".github/workflows/zizmor.yml",""
"2026-01-19","actions","actions_linux","44","minutes","0.006","0.264","0.264","0","Felakgundu","secureblue","secureblue",".github/workflows/pr_build_minimal.yml",""
"2026-01-19","actions","actions_linux","2","minutes","0.006","0.012","0.012","0","alexvojproc","secureblue","secureblue",".github/workflows/validate_exec_bit.yml",""
"2026-01-19","actions","actions_linux","2","minutes","0.006","0.012","0.012","0","dependabot[bot]","secureblue","Trivalent","dynamic/dependabot/dependabot-updates",""
"2026-01-19","actions","actions_linux","2","minutes","0.006","0.012","0.012","0","alexvojproc","secureblue","secureblue",".github/workflows/checksum.yml",""
"2026-01-19","actions","actions_linux","5","minutes","0.006","0.03","0.03","0","github-actions[bot]","secureblue","secureblue","dynamic/github-code-scanning/codeql",""
"2026-01-19","actions","actions_linux","1968","minutes","0.006","11.80800000000002","11.80800000000002","0","HastD","secureblue","secureblue",".github/workflows/build-all.yml",""
"2026-01-19","actions","actions_linux","1","minutes","0.006","0.006","0.006","0","dependabot[bot]","secureblue","selinux-policy-rpm","dynamic/dependabot/dependabot-updates",""
"2026-01-19","actions","actions_linux","1","minutes","0.006","0.006","0.006","0","RoyalOughtness","secureblue","selinux-policy",".github/workflows/upstream-sync.yml",""
"2026-01-19","actions","actions_linux","1","minutes","0.006","0.006","0.006","0","Tiagoquix","secureblue","secureblue",".github/workflows/zizmor.yml",""
"2026-01-19","actions","actions_linux","1","minutes","0.006","0.006","0.006","0","Tiagoquix","secureblue","secureblue",".github/workflows/tests.yml",""
"2026-01-19","actions","actions_linux","1","minutes","0.006","0.006","0.006","0","Tiagoquix","secureblue","secureblue",".github/workflows/justlint.yml",""
"2026-01-19","actions","actions_linux","1","minutes","0.006","0.006","0.006","0","Tiagoquix","secureblue","secureblue",".github/workflows/validate_exec_bit.yml",""
"2026-01-19","actions","actions_linux","3","minutes","0.006","0.018000000000000002","0.018000000000000002","0","HastD","secureblue","secureblue",".github/workflows/automod.yml",""
"2026-01-19","actions","actions_linux","1","minutes","0.006","0.006","0.006","0","Tiagoquix","secureblue","secureblue",".github/workflows/checksum.yml",""
"2026-01-19","actions","actions_linux","3","minutes","0.006","0.018000000000000002","0.018000000000000002","0","HastD","secureblue","secureblue",".github/workflows/checksum.yml",""
"2026-01-19","actions","actions_linux","3","minutes","0.006","0.018000000000000002","0.018000000000000002","0","HastD","secureblue","secureblue",".github/workflows/validate_exec_bit.yml",""
"2026-01-19","actions","actions_linux","3","minutes","0.006","0.018000000000000002","0.018000000000000002","0","HastD","secureblue","secureblue",".github/workflows/tests.yml",""
"2026-01-19","actions","actions_linux","17","minutes","0.006","0.102","0.102","0","RoyalOughtness","secureblue","secureblue",".github/workflows/integration_tests.yml",""
"2026-01-19","actions","actions_linux","4","minutes","0.006","0.024","0.024","0","spaceoden","secureblue","secureblue",".github/workflows/automod.yml",""
"2026-01-19","actions","actions_linux","2","minutes","0.006","0.012","0.012","0","alexvojproc","secureblue","secureblue",".github/workflows/tests.yml",""
"2026-01-19","actions","actions_linux","1","minutes","0.006","0.006","0.006","0","Felakgundu","secureblue","secureblue",".github/workflows/tests.yml",""
"2026-01-19","actions","actions_linux","4","minutes","0.006","0.024","0.024","0","HastD","secureblue","secureblue",".github/workflows/trivy.yml",""
"2026-01-19","actions","actions_linux","1","minutes","0.006","0.006","0.006","0","Tiagoquix","secureblue","secureblue",".github/workflows/linkspector.yml",""
"2026-01-19","actions","actions_linux","1","minutes","0.006","0.006","0.006","0","dependabot[bot]","secureblue","selinux-policy","dynamic/dependabot/dependabot-updates",""
"2026-01-19","actions","actions_linux","1","minutes","0.006","0.006","0.006","0","github-advanced-security[bot]","secureblue","bootc-integration-test-action","dynamic/github-code-scanning/codeql",""
"2026-01-19","actions","actions_linux","186","minutes","0.006","1.116","1.116","0","HastD","secureblue","secureblue",".github/workflows/pr_build_minimal.yml",""
"2026-01-19","actions","actions_linux","20","minutes","0.006","0.12000000000000004","0.12000000000000004","0","HastD","secureblue","secureblue","dynamic/github-code-scanning/codeql",""
"2026-01-19","actions","actions_linux","7","minutes","0.006","0.041999999999999996","0.041999999999999996","0","HastD","secureblue","secureblue",".github/workflows/zizmor.yml",""
"2026-01-19","actions","actions_linux","4","minutes","0.006","0.024","0.024","0","HastD","secureblue","secureblue",".github/workflows/scorecard.yml",""
"2026-01-19","actions","actions_linux","1","minutes","0.006","0.006","0.006","0","Felakgundu","secureblue","secureblue",".github/workflows/zizmor.yml",""
"2026-01-19","actions","actions_linux","1","minutes","0.006","0.006","0.006","0","Felakgundu","secureblue","secureblue",".github/workflows/validate_exec_bit.yml",""
"2026-01-19","actions","actions_linux","1","minutes","0.006","0.006","0.006","0","Felakgundu","secureblue","secureblue",".github/workflows/checksum.yml",""
"2026-01-19","actions","actions_linux","2","minutes","0.006","0.012","0.012","0","alexvojproc","secureblue","secureblue",".github/workflows/zizmor.yml",""
"2026-01-19","actions","actions_linux","1","minutes","0.006","0.006","0.006","0","Felakgundu","secureblue","secureblue",".github/workflows/linkspector.yml",""
"2026-01-19","actions","actions_storage","0.0003915360000000001","gigabyte-hours","0.00033602","1.2000000000000004E-07","1.2000000000000004E-07","0","","secureblue","trivalent-chromium-clean-source","",""
"2026-01-19","actions","actions_storage","0.003072312000000001","gigabyte-hours","0.00033602","1.0320000000000007E-06","1.0320000000000007E-06","0","","secureblue","render-isos","",""
"2026-01-19","actions","actions_storage","0.003607032000000001","gigabyte-hours","0.00033602","1.1999999999999993E-06","1.1999999999999993E-06","0","","secureblue","rpm-repo-worker","",""
"2026-01-19","actions","actions_storage","1570.217892408","gigabyte-hours","0.00033602","0.5276246160000001","0.5276246160000001","0","","secureblue","Trivalent","",""
"2026-01-19","actions","actions_storage","0.013299505","gigabyte-hours","0.00033602","4.457E-06","4.457E-06","0","","secureblue","secureblue","",""
"2026-01-19","actions","actions_storage","0.0002784479999999999","gigabyte-hours","0.00033602","7.2E-08","7.2E-08","0","","secureblue","selinux-policy-rpm","",""
"2026-01-19","actions","actions_storage","0.0007840800000000004","gigabyte-hours","0.00033602","2.400000000000001E-07","2.400000000000001E-07","0","","secureblue","trivalent-subresource-filter","",""
"2026-01-19","actions","actions_storage","0.0021828719999999993","gigabyte-hours","0.00033602","7.200000000000001E-07","7.200000000000001E-07","0","","secureblue","selinux-policy","",""
"2026-01-19","actions","actions_storage","0.0018129600000000004","gigabyte-hours","0.00033602","5.999999999999997E-07","5.999999999999997E-07","0","","secureblue","approvals-action","",""
"2026-01-19","actions","actions_storage","0.0005567519999999999","gigabyte-hours","0.00033602","1.6799999999999994E-07","1.6799999999999994E-07","0","","secureblue","bootc-integration-test-action","",""
"2026-01-20","actions","actions_linux","2","minutes","0.006","0.012","0.012","0","Qutiess","secureblue","secureblue",".github/workflows/tests.yml",""
"2026-01-20","actions","actions_linux","2","minutes","0.006","0.012","0.012","0","dependabot[bot]","secureblue","secureblue",".github/workflows/zizmor.yml",""
"2026-01-20","actions","actions_linux","2","minutes","0.006","0.012","0.012","0","dependabot[bot]","secureblue","secureblue",".github/workflows/linkspector.yml",""
"2026-01-20","actions","actions_linux","12","minutes","0.006","0.072","0.072","0","RoyalOughtness","secureblue","secureblue",".github/workflows/automod.yml",""
"2026-01-20","actions","actions_linux","1","minutes","0.006","0.006","0.006","0","RoyalOughtness","secureblue","homebrew","dynamic/github-code-scanning/codeql",""
"2026-01-20","actions","actions_linux","97","minutes","0.006","0.582","0.582","0","dependabot[bot]","secureblue","secureblue",".github/workflows/pr_build_minimal.yml",""
"2026-01-20","actions","actions_linux","1","minutes","0.006","0.006","0.006","0","RoyalOughtness","secureblue","homebrew",".github/workflows/zizmor.yml",""
"2026-01-20","actions","actions_linux","3","minutes","0.006","0.018000000000000002","0.018000000000000002","0","RoyalOughtness","secureblue","homebrew",".github/workflows/lint.yml",""
"2026-01-20","actions","actions_linux","1","minutes","0.006","0.006","0.006","0","dependabot[bot]","secureblue","architecture","dynamic/dependabot/dependabot-updates",""
"2026-01-20","actions","actions_linux","2","minutes","0.006","0.012","0.012","0","Qutiess","secureblue","secureblue",".github/workflows/validate_exec_bit.yml",""
"2026-01-20","actions","actions_linux","2","minutes","0.006","0.012","0.012","0","Qutiess","secureblue","secureblue",".github/workflows/checksum.yml",""
"2026-01-20","actions","actions_linux","2","minutes","0.006","0.012","0.012","0","Qutiess","secureblue","secureblue",".github/workflows/justlint.yml",""
"2026-01-20","actions","actions_linux","2","minutes","0.006","0.012","0.012","0","Qutiess","secureblue","secureblue",".github/workflows/ruff.yml",""
"2026-01-20","actions","actions_linux","2","minutes","0.006","0.012","0.012","0","Qutiess","secureblue","secureblue",".github/workflows/zizmor.yml",""
"2026-01-20","actions","actions_linux","2","minutes","0.006","0.012","0.012","0","Qutiess","secureblue","secureblue",".github/workflows/linkspector.yml",""
"2026-01-20","actions","actions_linux","38","minutes","0.006","0.228","0.228","0","Qutiess","secureblue","secureblue",".github/workflows/pr_build_minimal.yml",""
"2026-01-20","actions","actions_linux","10","minutes","0.006","0.05999999999999999","0.05999999999999999","0","RoyalOughtness","secureblue","secureblue",".github/workflows/linkspector.yml",""
"2026-01-20","actions","actions_linux","234","minutes","0.006","1.404","1.404","0","RoyalOughtness","secureblue","secureblue",".github/workflows/pr_build_minimal.yml",""
"2026-01-20","actions","actions_linux","560","minutes","0.006","3.359999999999998","3.359999999999998","0","RoyalOughtness","secureblue","secureblue",".github/workflows/pr_build_all_main.yml",""
"2026-01-20","actions","actions_linux","1","minutes","0.006","0.006","0.006","0","dependabot[bot]","secureblue","trivalent-chromium-clean-source","dynamic/dependabot/dependabot-updates",""
"2026-01-20","actions","actions_linux","1","minutes","0.006","0.006","0.006","0","HastD","secureblue","selinux-policy",".github/workflows/zizmor.yml",""
"2026-01-20","actions","actions_linux","2","minutes","0.006","0.012","0.012","0","HastD","secureblue","selinux-policy",".github/workflows/build.yml",""
"2026-01-20","actions","actions_linux","1","minutes","0.006","0.006","0.006","0","dependabot[bot]","secureblue","selinux-policy","dynamic/dependabot/dependabot-updates",""
"2026-01-20","actions","actions_linux","2","minutes","0.006","0.012","0.012","0","dependabot[bot]","secureblue","secureblue",".github/workflows/checksum.yml",""
"2026-01-20","actions","actions_linux","2","minutes","0.006","0.012","0.012","0","dependabot[bot]","secureblue","Trivalent","dynamic/dependabot/dependabot-updates",""
"2026-01-20","actions","actions_linux","6","minutes","0.006","0.036000000000000004","0.036000000000000004","0","github-actions[bot]","secureblue","secureblue","dynamic/github-code-scanning/codeql",""
"2026-01-20","actions","actions_linux","9","minutes","0.006","0.05399999999999999","0.05399999999999999","0","RoyalOughtness","secureblue","secureblue",".github/workflows/tests.yml",""
"2026-01-20","actions","actions_linux","2","minutes","0.006","0.012","0.012","0","RoyalOughtness","secureblue","Trivalent",".github/workflows/scorecard.yml",""
"2026-01-20","actions","actions_linux","8","minutes","0.006","0.048","0.048","0","RoyalOughtness","secureblue","Trivalent",".github/workflows/build_x86_64.yml",""
"2026-01-20","actions","actions_linux","2","minutes","0.006","0.012","0.012","0","dependabot[bot]","secureblue","secureblue",".github/workflows/tests.yml",""
"2026-01-20","actions","actions_linux","9","minutes","0.006","0.05399999999999999","0.05399999999999999","0","RoyalOughtness","secureblue","secureblue",".github/workflows/validate_exec_bit.yml",""
"2026-01-20","actions","actions_linux","10","minutes","0.006","0.05999999999999999","0.05999999999999999","0","RoyalOughtness","secureblue","secureblue",".github/workflows/checksum.yml",""
"2026-01-20","actions","actions_linux","5","minutes","0.006","0.030000000000000002","0.030000000000000002","0","RoyalOughtness","secureblue","secureblue",".github/workflows/trivy.yml",""
"2026-01-20","actions","actions_linux","20","minutes","0.006","0.12000000000000004","0.12000000000000004","0","RoyalOughtness","secureblue","secureblue","dynamic/github-code-scanning/codeql",""
"2026-01-20","actions","actions_linux","4","minutes","0.006","0.024","0.024","0","RoyalOughtness","secureblue","secureblue",".github/workflows/scorecard.yml",""
"2026-01-20","actions","actions_linux","13","minutes","0.006","0.078","0.078","0","RoyalOughtness","secureblue","secureblue",".github/workflows/zizmor.yml",""
"2026-01-20","actions","actions_linux","3014","minutes","0.006","18.08400000000003","18.08400000000003","0","RoyalOughtness","secureblue","secureblue",".github/workflows/build-all.yml",""
"2026-01-20","actions","actions_linux","197","minutes","0.006","1.182","1.182","0","HastD","secureblue","secureblue",".github/workflows/pr_build_all_main.yml",""
"2026-01-20","actions","actions_linux","1","minutes","0.006","0.006","0.006","0","RoyalOughtness","secureblue","Trivalent","dynamic/github-code-scanning/codeql",""
"2026-01-20","actions","actions_linux","97","minutes","0.006","0.582","0.582","0","HastD","secureblue","secureblue",".github/workflows/pr_build_minimal.yml",""
"2026-01-20","actions","actions_linux","683","minutes","0.006","4.0979999999999945","4.0979999999999945","0","HastD","secureblue","secureblue",".github/workflows/build-all.yml",""
"2026-01-20","actions","actions_linux","2","minutes","0.006","0.012","0.012","0","RoyalOughtness","secureblue","secureblue",".github/workflows/provenance.yml",""
"2026-01-20","actions","actions_linux","1","minutes","0.006","0.006","0.006","0","codingnooob","secureblue","secureblue",".github/workflows/automod.yml",""
"2026-01-20","actions","actions_linux","1","minutes","0.006","0.006","0.006","0","HastD","secureblue","secureblue",".github/workflows/automod.yml",""
"2026-01-20","actions","actions_linux","2","minutes","0.006","0.012","0.012","0","HastD","secureblue","secureblue",".github/workflows/linkspector.yml",""
"2026-01-20","actions","actions_linux","1","minutes","0.006","0.006","0.006","0","HastD","secureblue","secureblue",".github/workflows/justlint.yml",""
"2026-01-20","actions","actions_linux","2","minutes","0.006","0.012","0.012","0","HastD","secureblue","secureblue",".github/workflows/tests.yml",""
"2026-01-20","actions","actions_linux","2","minutes","0.006","0.012","0.012","0","HastD","secureblue","secureblue",".github/workflows/zizmor.yml",""
"2026-01-20","actions","actions_linux","2","minutes","0.006","0.012","0.012","0","HastD","secureblue","secureblue",".github/workflows/validate_exec_bit.yml",""
"2026-01-20","actions","actions_linux","2","minutes","0.006","0.012","0.012","0","HastD","secureblue","secureblue",".github/workflows/checksum.yml",""
"2026-01-20","actions","actions_linux","1","minutes","0.006","0.006","0.006","0","HastD","secureblue","secureblue",".github/workflows/ruff.yml",""
"2026-01-20","actions","actions_linux","44","minutes","0.006","0.264","0.264","0","RoyalOughtness","secureblue","secureblue",".github/workflows/pr_build_nvidia.yml",""
"2026-01-20","actions","actions_linux","58","minutes","0.006","0.348","0.348","0","RoyalOughtness","secureblue","secureblue",".github/workflows/pr_build_zfs.yml",""
"2026-01-20","actions","actions_linux","20","minutes","0.006","0.12","0.12","0","RoyalOughtness","secureblue","secureblue",".github/workflows/integration_tests.yml",""
"2026-01-20","actions","actions_linux","2","minutes","0.006","0.012","0.012","0","RoyalOughtness","secureblue","secureblue",".github/workflows/ruff.yml",""
"2026-01-20","actions","actions_linux","1","minutes","0.006","0.006","0.006","0","RoyalOughtness","secureblue","secureblue",".github/workflows/update-modules.yml",""
"2026-01-20","actions","actions_linux","1","minutes","0.006","0.006","0.006","0","dependabot[bot]","secureblue","trivalent-subresource-filter","dynamic/dependabot/dependabot-updates",""
"2026-01-20","actions","actions_linux","1","minutes","0.006","0.006","0.006","0","spaceoden","secureblue","secureblue",".github/workflows/automod.yml",""
"2026-01-20","actions","actions_linux","3","minutes","0.006","0.018000000000000002","0.018000000000000002","0","Tiagoquix","secureblue","secureblue",".github/workflows/validate_exec_bit.yml",""
"2026-01-20","actions","actions_linux","3","minutes","0.006","0.018000000000000002","0.018000000000000002","0","Tiagoquix","secureblue","secureblue",".github/workflows/checksum.yml",""
"2026-01-20","actions","actions_linux","3","minutes","0.006","0.018000000000000002","0.018000000000000002","0","Tiagoquix","secureblue","secureblue",".github/workflows/tests.yml",""
"2026-01-20","actions","actions_linux","3","minutes","0.006","0.018000000000000002","0.018000000000000002","0","Tiagoquix","secureblue","secureblue",".github/workflows/zizmor.yml",""
"2026-01-20","actions","actions_linux","3","minutes","0.006","0.018000000000000002","0.018000000000000002","0","Tiagoquix","secureblue","secureblue",".github/workflows/linkspector.yml",""
"2026-01-20","actions","actions_linux","5","minutes","0.006","0.03","0.03","0","Tiagoquix","secureblue","secureblue",".github/workflows/automod.yml",""
"2026-01-20","actions","actions_linux","146","minutes","0.006","0.8759999999999999","0.8759999999999999","0","Tiagoquix","secureblue","secureblue",".github/workflows/pr_build_minimal.yml",""
"2026-01-20","actions","actions_linux","1","minutes","0.006","0.006","0.006","0","dependabot[bot]","secureblue","rpm-repo-worker","dynamic/dependabot/dependabot-updates",""
"2026-01-20","actions","actions_linux","1","minutes","0.006","0.006","0.006","0","dependabot[bot]","secureblue","selinux-policy-rpm","dynamic/dependabot/dependabot-updates",""
"2026-01-20","actions","actions_linux","1","minutes","0.006","0.006","0.006","0","RoyalOughtness","secureblue","secureblue",".github/workflows/justlint.yml",""
"2026-01-20","actions","actions_linux","1","minutes","0.006","0.006","0.006","0","dependabot[bot]","secureblue","bootc-integration-test-action","dynamic/dependabot/dependabot-updates",""
"2026-01-20","actions","actions_linux","1","minutes","0.006","0.006","0.006","0","RoyalOughtness","secureblue","selinux-policy",".github/workflows/upstream-sync.yml",""
"2026-01-20","actions","actions_linux","1","minutes","0.006","0.006","0.006","0","RoyalOughtness","secureblue","bazaar-rpm","dynamic/github-code-scanning/codeql",""
"2026-01-20","actions","actions_linux","1","minutes","0.006","0.006","0.006","0","dependabot[bot]","secureblue","render-isos","dynamic/dependabot/dependabot-updates",""
"2026-01-20","actions","actions_linux","2","minutes","0.006","0.012","0.012","0","HastD","secureblue","homebrew",".github/workflows/zizmor.yml",""
"2026-01-20","actions","actions_linux","1","minutes","0.006","0.006","0.006","0","HastD","secureblue","homebrew","dynamic/github-code-scanning/codeql",""
"2026-01-20","actions","actions_linux","6","minutes","0.006","0.036","0.036","0","HastD","secureblue","homebrew",".github/workflows/lint.yml",""
"2026-01-20","actions","actions_linux","7","minutes","0.006","0.041999999999999996","0.041999999999999996","0","dependabot[bot]","secureblue","secureblue","dynamic/dependabot/dependabot-updates",""
"2026-01-20","actions","actions_linux","2","minutes","0.006","0.012","0.012","0","dependabot[bot]","secureblue","secureblue",".github/workflows/validate_exec_bit.yml",""
"2026-01-20","actions","actions_storage","0.0017374200000000004","gigabyte-hours","0.00033602","5.749999999999997E-07","5.749999999999997E-07","0","","secureblue","approvals-action","",""
"2026-01-20","actions","actions_storage","0.0020919189999999994","gigabyte-hours","0.00033602","6.900000000000001E-07","6.900000000000001E-07","0","","secureblue","selinux-policy","",""
"2026-01-20","actions","actions_storage","1504.7926953609995","gigabyte-hours","0.00033602","0.5056404199999999","0.5056404199999999","0","","secureblue","Trivalent","",""
"2026-01-20","actions","actions_storage","0.0034567390000000008","gigabyte-hours","0.00033602","1.1499999999999994E-06","1.1499999999999994E-06","0","","secureblue","rpm-repo-worker","",""
"2026-01-20","actions","actions_storage","0.0005335539999999999","gigabyte-hours","0.00033602","1.6099999999999995E-07","1.6099999999999995E-07","0","","secureblue","bootc-integration-test-action","",""
"2026-01-20","actions","actions_storage","0.0007514100000000003","gigabyte-hours","0.00033602","2.300000000000001E-07","2.300000000000001E-07","0","","secureblue","trivalent-subresource-filter","",""
"2026-01-20","actions","actions_storage","0.0002668459999999999","gigabyte-hours","0.00033602","6.9E-08","6.9E-08","0","","secureblue","selinux-policy-rpm","",""
"2026-01-20","actions","actions_storage","0.0003752220000000001","gigabyte-hours","0.00033602","1.1500000000000005E-07","1.1500000000000005E-07","0","","secureblue","trivalent-chromium-clean-source","",""
"2026-01-20","actions","actions_storage","0.002944299000000001","gigabyte-hours","0.00033602","9.890000000000006E-07","9.890000000000006E-07","0","","secureblue","render-isos","",""
"2026-01-20","actions","actions_storage","0.013955929","gigabyte-hours","0.00033602","4.672E-06","4.672E-06","0","","secureblue","secureblue","",""
"2026-01-21","actions","actions_linux","49","minutes","0.006","0.294","0.294","0","Tiagoquix","secureblue","secureblue",".github/workflows/pr_build_minimal.yml",""
"2026-01-21","actions","actions_linux","136","minutes","0.006","0.8160000000000001","0.8160000000000001","0","alexvojproc","secureblue","secureblue",".github/workflows/build-all.yml",""
"2026-01-21","actions","actions_linux","5","minutes","0.006","0.03","0.03","0","RoyalOughtness","secureblue","secureblue",".github/workflows/checksum.yml",""
"2026-01-21","actions","actions_linux","6","minutes","0.006","0.036","0.036","0","RoyalOughtness","secureblue","secureblue",".github/workflows/linkspector.yml",""
"2026-01-21","actions","actions_linux","6","minutes","0.006","0.036","0.036","0","RoyalOughtness","secureblue","secureblue",".github/workflows/tests.yml",""
"2026-01-21","actions","actions_linux","1","minutes","0.006","0.006","0.006","0","HastD","secureblue","secureblue",".github/workflows/automod.yml",""
"2026-01-21","actions","actions_linux","3","minutes","0.006","0.018000000000000002","0.018000000000000002","0","Tiagoquix","secureblue","secureblue",".github/workflows/automod.yml",""
"2026-01-21","actions","actions_linux","2","minutes","0.006","0.012","0.012","0","dependabot[bot]","secureblue","Trivalent","dynamic/dependabot/dependabot-updates",""
"2026-01-21","actions","actions_linux","2358","minutes","0.006","14.148000000000021","14.148000000000021","0","RoyalOughtness","secureblue","secureblue",".github/workflows/build-all.yml",""
"2026-01-21","actions","actions_linux","1","minutes","0.006","0.006","0.006","0","Tiagoquix","secureblue","secureblue",".github/workflows/validate_exec_bit.yml",""
"2026-01-21","actions","actions_linux","1","minutes","0.006","0.006","0.006","0","Tiagoquix","secureblue","secureblue",".github/workflows/tests.yml",""
"2026-01-21","actions","actions_linux","1","minutes","0.006","0.006","0.006","0","dependabot[bot]","secureblue","selinux-policy-rpm","dynamic/dependabot/dependabot-updates",""
"2026-01-21","actions","actions_linux","5","minutes","0.006","0.03","0.03","0","alexvojproc","secureblue","secureblue","dynamic/github-code-scanning/codeql",""
"2026-01-21","actions","actions_linux","1","minutes","0.006","0.006","0.006","0","Tiagoquix","secureblue","secureblue",".github/workflows/checksum.yml",""
"2026-01-21","actions","actions_linux","897","minutes","0.006","5.382","5.382","0","RoyalOughtness","secureblue","secureblue",".github/workflows/pr_build_all_main.yml",""
"2026-01-21","actions","actions_linux","234","minutes","0.006","1.404","1.404","0","RoyalOughtness","secureblue","secureblue",".github/workflows/pr_build_minimal.yml",""
"2026-01-21","actions","actions_linux","1","minutes","0.006","0.006","0.006","0","github-advanced-security[bot]","secureblue","homebrew","dynamic/github-code-scanning/codeql",""
"2026-01-21","actions","actions_linux","1","minutes","0.006","0.006","0.006","0","Tiagoquix","secureblue","secureblue",".github/workflows/linkspector.yml",""
"2026-01-21","actions","actions_linux","2","minutes","0.006","0.012","0.012","0","RoyalOughtness","secureblue","secureblue",".github/workflows/provenance.yml",""
"2026-01-21","actions","actions_linux","1","minutes","0.006","0.006","0.006","0","HastD","secureblue","homebrew",".github/workflows/rebuild.yml",""
"2026-01-21","actions","actions_linux","1","minutes","0.006","0.006","0.006","0","alexvojproc","secureblue","secureblue",".github/workflows/zizmor.yml",""
"2026-01-21","actions","actions_linux","110","minutes","0.006","0.66","0.66","0","RoyalOughtness","secureblue","secureblue",".github/workflows/pr_build_zfs.yml",""
"2026-01-21","actions","actions_linux","78","minutes","0.006","0.46799999999999997","0.46799999999999997","0","RoyalOughtness","secureblue","secureblue",".github/workflows/pr_build_nvidia.yml",""
"2026-01-21","actions","actions_linux","3","minutes","0.006","0.018000000000000002","0.018000000000000002","0","RoyalOughtness","secureblue","secureblue",".github/workflows/trivy.yml",""
"2026-01-21","actions","actions_linux","14","minutes","0.006","0.08399999999999999","0.08399999999999999","0","RoyalOughtness","secureblue","secureblue","dynamic/github-code-scanning/codeql",""
"2026-01-21","actions","actions_linux","2","minutes","0.006","0.012","0.012","0","RoyalOughtness","secureblue","secureblue",".github/workflows/scorecard.yml",""
"2026-01-21","actions","actions_linux","8","minutes","0.006","0.047999999999999994","0.047999999999999994","0","RoyalOughtness","secureblue","secureblue",".github/workflows/zizmor.yml",""
"2026-01-21","actions","actions_linux","1","minutes","0.006","0.006","0.006","0","RoyalOughtness","secureblue","Trivalent",".github/workflows/zizmor.yml",""
"2026-01-21","actions","actions_linux","1","minutes","0.006","0.006","0.006","0","dependabot[bot]","secureblue","trivalent-chromium-clean-source","dynamic/dependabot/dependabot-updates",""
"2026-01-21","actions","actions_linux","2","minutes","0.006","0.012","0.012","0","mathbreed","secureblue","secureblue",".github/workflows/automod.yml",""
"2026-01-21","actions","actions_linux","1","minutes","0.006","0.006","0.006","0","RoyalOughtness","secureblue","Trivalent",".github/workflows/scorecard.yml",""
"2026-01-21","actions","actions_linux","1","minutes","0.006","0.006","0.006","0","dependabot[bot]","secureblue","trivalent-subresource-filter","dynamic/dependabot/dependabot-updates",""
"2026-01-21","actions","actions_linux","1","minutes","0.006","0.006","0.006","0","RoyalOughtness","secureblue","Trivalent","dynamic/github-code-scanning/codeql",""
"2026-01-21","actions","actions_linux","1","minutes","0.006","0.006","0.006","0","HastD","secureblue","secureblue",".github/workflows/ruff.yml",""
"2026-01-21","actions","actions_linux","1","minutes","0.006","0.006","0.006","0","RoyalOughtness","secureblue","selinux-policy",".github/workflows/upstream-sync.yml",""
"2026-01-21","actions","actions_linux","6","minutes","0.006","0.036","0.036","0","RoyalOughtness","secureblue","secureblue",".github/workflows/validate_exec_bit.yml",""
"2026-01-21","actions","actions_linux","7","minutes","0.006","0.041999999999999996","0.041999999999999996","0","RoyalOughtness","secureblue","Trivalent",".github/workflows/build_x86_64.yml",""
"2026-01-21","actions","actions_linux","3","minutes","0.006","0.018000000000000002","0.018000000000000002","0","RoyalOughtness","secureblue","Trivalent",".github/workflows/build_aarch64.yml",""
"2026-01-21","actions","actions_linux","197","minutes","0.006","1.182","1.182","0","Tiagoquix","secureblue","secureblue",".github/workflows/pr_build_all_main.yml",""
"2026-01-21","actions","actions_linux","1","minutes","0.006","0.006","0.006","0","alexvojproc","secureblue","secureblue",".github/workflows/scorecard.yml",""
"2026-01-21","actions","actions_linux","3","minutes","0.006","0.018000000000000002","0.018000000000000002","0","HastD","secureblue","secureblue",".github/workflows/tests.yml",""
"2026-01-21","actions","actions_linux","1","minutes","0.006","0.006","0.006","0","dependabot[bot]","secureblue","selinux-policy","dynamic/dependabot/dependabot-updates",""
"2026-01-21","actions","actions_linux","3","minutes","0.006","0.018000000000000002","0.018000000000000002","0","HastD","secureblue","secureblue",".github/workflows/zizmor.yml",""
"2026-01-21","actions","actions_linux","20","minutes","0.006","0.12","0.12","0","RoyalOughtness","secureblue","secureblue",".github/workflows/integration_tests.yml",""
"2026-01-21","actions","actions_linux","3","minutes","0.006","0.018000000000000002","0.018000000000000002","0","HastD","secureblue","secureblue",".github/workflows/validate_exec_bit.yml",""
"2026-01-21","actions","actions_linux","1","minutes","0.006","0.006","0.006","0","RoyalOughtness","secureblue","secureblue",".github/workflows/automod.yml",""
"2026-01-21","actions","actions_linux","1","minutes","0.006","0.006","0.006","0","dependabot[bot]","secureblue","bootc-integration-test-action","dynamic/dependabot/dependabot-updates",""
"2026-01-21","actions","actions_linux","2","minutes","0.006","0.012","0.012","0","dependabot[bot]","secureblue","rpm-repo-worker","dynamic/dependabot/dependabot-updates",""
"2026-01-21","actions","actions_linux","3","minutes","0.006","0.018000000000000002","0.018000000000000002","0","HastD","secureblue","secureblue",".github/workflows/checksum.yml",""
"2026-01-21","actions","actions_linux","2","minutes","0.006","0.012","0.012","0","dependabot[bot]","secureblue","secureblue","dynamic/dependabot/dependabot-updates",""
"2026-01-21","actions","actions_linux","3","minutes","0.006","0.018000000000000002","0.018000000000000002","0","HastD","secureblue","secureblue",".github/workflows/linkspector.yml",""
"2026-01-21","actions","actions_linux","1","minutes","0.006","0.006","0.006","0","alexvojproc","secureblue","secureblue",".github/workflows/trivy.yml",""
"2026-01-21","actions","actions_linux","149","minutes","0.006","0.8939999999999999","0.8939999999999999","0","HastD","secureblue","secureblue",".github/workflows/pr_build_minimal.yml",""
"2026-01-21","actions","actions_linux","2","minutes","0.006","0.012","0.012","0","dependabot[bot]","secureblue","render-isos","dynamic/dependabot/dependabot-updates",""
"2026-01-21","actions","actions_linux","1","minutes","0.006","0.006","0.006","0","Tiagoquix","secureblue","secureblue",".github/workflows/zizmor.yml",""
"2026-01-21","actions","actions_linux","1","minutes","0.006","0.006","0.006","0","dependabot[bot]","secureblue","architecture","dynamic/dependabot/dependabot-updates",""
"2026-01-21","actions","actions_linux","1","minutes","0.006","0.006","0.006","0","alexvojproc","secureblue","bazaar-rpm",".github/workflows/renovate.yml",""
"2026-01-21","actions","actions_linux_arm","14","minutes","0.005","0.07","0.07","0","RoyalOughtness","secureblue","Trivalent",".github/workflows/build_aarch64.yml",""
"2026-01-21","actions","actions_self_hosted_linux","86","minutes","0","0","0","0","RoyalOughtness","secureblue","Trivalent",".github/workflows/build_x86_64.yml",""
"2026-01-21","actions","actions_self_hosted_linux","104","minutes","0","0","0","0","RoyalOughtness","secureblue","Trivalent",".github/workflows/build_aarch64.yml",""
"2026-01-21","actions","actions_storage","0.0020919189999999994","gigabyte-hours","0.00033602","6.900000000000001E-07","6.900000000000001E-07","0","","secureblue","selinux-policy","",""
"2026-01-21","actions","actions_storage","0.0005335539999999999","gigabyte-hours","0.00033602","1.6099999999999995E-07","1.6099999999999995E-07","0","","secureblue","bootc-integration-test-action","",""
"2026-01-21","actions","actions_storage","1674.0257186949998","gigabyte-hours","0.00033602","0.562506111","0.562506111","0","","secureblue","Trivalent","",""
"2026-01-21","actions","actions_storage","0.0002668459999999999","gigabyte-hours","0.00033602","6.9E-08","6.9E-08","0","","secureblue","selinux-policy-rpm","",""
"2026-01-21","actions","actions_storage","0.002944299000000001","gigabyte-hours","0.00033602","9.890000000000006E-07","9.890000000000006E-07","0","","secureblue","render-isos","",""
"2026-01-21","actions","actions_storage","0.0003752220000000001","gigabyte-hours","0.00033602","1.1500000000000005E-07","1.1500000000000005E-07","0","","secureblue","trivalent-chromium-clean-source","",""
"2026-01-21","actions","actions_storage","0.014385494999999995","gigabyte-hours","0.00033602","4.819E-06","4.819E-06","0","","secureblue","secureblue","",""
"2026-01-21","actions","actions_storage","0.0007514100000000003","gigabyte-hours","0.00033602","2.300000000000001E-07","2.300000000000001E-07","0","","secureblue","trivalent-subresource-filter","",""
"2026-01-21","actions","actions_storage","0.0034567390000000008","gigabyte-hours","0.00033602","1.1499999999999994E-06","1.1499999999999994E-06","0","","secureblue","rpm-repo-worker","",""
"2026-01-21","actions","actions_storage","0.0017374200000000004","gigabyte-hours","0.00033602","5.749999999999997E-07","5.749999999999997E-07","0","","secureblue","approvals-action","",""
"2026-01-22","actions","actions_linux","1908","minutes","0.006","11.448000000000027","11.448000000000027","0","HastD","secureblue","secureblue",".github/workflows/build-all.yml",""
"2026-01-22","actions","actions_linux","116","minutes","0.006","0.696","0.696","0","RoyalOughtness","secureblue","secureblue",".github/workflows/pr_build_zfs.yml",""
"2026-01-22","actions","actions_linux","2","minutes","0.006","0.012","0.012","0","dependabot[bot]","secureblue","secureblue",".github/workflows/validate_exec_bit.yml",""
"2026-01-22","actions","actions_linux","1","minutes","0.006","0.006","0.006","0","dependabot[bot]","secureblue","selinux-policy-rpm","dynamic/dependabot/dependabot-updates",""
"2026-01-22","actions","actions_linux","2","minutes","0.006","0.012","0.012","0","dependabot[bot]","secureblue","secureblue",".github/workflows/ruff.yml",""
"2026-01-22","actions","actions_linux","1","minutes","0.006","0.006","0.006","0","RoyalOughtness","secureblue","selinux-policy",".github/workflows/upstream-sync.yml",""
"2026-01-22","actions","actions_linux","4","minutes","0.006","0.024","0.024","0","HastD","secureblue","secureblue",".github/workflows/linkspector.yml",""
"2026-01-22","actions","actions_linux","2","minutes","0.006","0.012","0.012","0","dependabot[bot]","secureblue","secureblue",".github/workflows/linkspector.yml",""
"2026-01-22","actions","actions_linux","81","minutes","0.006","0.486","0.486","0","dependabot[bot]","secureblue","secureblue",".github/workflows/pr_build_nvidia.yml",""
"2026-01-22","actions","actions_linux","4","minutes","0.006","0.024","0.024","0","HastD","secureblue","secureblue",".github/workflows/checksum.yml",""
"2026-01-22","actions","actions_linux","2","minutes","0.006","0.012","0.012","0","dependabot[bot]","secureblue","selinux-policy",".github/workflows/zizmor.yml",""
"2026-01-22","actions","actions_linux","2","minutes","0.006","0.012","0.012","0","dependabot[bot]","secureblue","selinux-policy",".github/workflows/build.yml",""
"2026-01-22","actions","actions_linux","1007","minutes","0.006","6.042","6.042","0","RoyalOughtness","secureblue","secureblue",".github/workflows/pr_build_all_main.yml",""
"2026-01-22","actions","actions_linux","1","minutes","0.006","0.006","0.006","0","dependabot[bot]","secureblue","selinux-policy","dynamic/dependabot/dependabot-updates",""
"2026-01-22","actions","actions_linux","2","minutes","0.006","0.012","0.012","0","dependabot[bot]","secureblue","secureblue",".github/workflows/zizmor.yml",""
"2026-01-22","actions","actions_linux","185","minutes","0.006","1.11","1.11","0","RoyalOughtness","secureblue","secureblue",".github/workflows/pr_build_nvidia.yml",""
"2026-01-22","actions","actions_linux","554","minutes","0.006","3.324","3.324","0","RoyalOughtness","secureblue","secureblue",".github/workflows/pr_build_minimal.yml",""
"2026-01-22","actions","actions_linux","4","minutes","0.006","0.024","0.024","0","HastD","secureblue","secureblue",".github/workflows/tests.yml",""
"2026-01-22","actions","actions_linux","1","minutes","0.006","0.006","0.006","0","dependabot[bot]","secureblue","rpm-repo-worker","dynamic/dependabot/dependabot-updates",""
"2026-01-22","actions","actions_linux","5","minutes","0.006","0.03","0.03","0","RoyalOughtness","secureblue","secureblue",".github/workflows/trivy.yml",""
"2026-01-22","actions","actions_linux","4","minutes","0.006","0.024","0.024","0","HastD","secureblue","secureblue",".github/workflows/validate_exec_bit.yml",""
"2026-01-22","actions","actions_linux","1","minutes","0.006","0.006","0.006","0","dependabot[bot]","secureblue","bootc-integration-test-action","dynamic/dependabot/dependabot-updates",""
"2026-01-22","actions","actions_linux","1","minutes","0.006","0.006","0.006","0","dependabot[bot]","secureblue","trivalent-subresource-filter","dynamic/dependabot/dependabot-updates",""
"2026-01-22","actions","actions_linux","15","minutes","0.006","0.09000000000000001","0.09000000000000001","0","RoyalOughtness","secureblue","secureblue",".github/workflows/checksum.yml",""
"2026-01-22","actions","actions_linux","1","minutes","0.006","0.006","0.006","0","HastD","secureblue","homebrew",".github/workflows/zizmor.yml",""
"2026-01-22","actions","actions_linux","2","minutes","0.006","0.012","0.012","0","HastD","secureblue","secureblue",".github/workflows/automod.yml",""
"2026-01-22","actions","actions_linux","2","minutes","0.006","0.012","0.012","0","dependabot[bot]","secureblue","secureblue",".github/workflows/tests.yml",""
"2026-01-22","actions","actions_linux","97","minutes","0.006","0.582","0.582","0","HastD","secureblue","secureblue",".github/workflows/pr_build_all_main.yml",""
"2026-01-22","actions","actions_linux","17","minutes","0.006","0.102","0.102","0","RoyalOughtness","secureblue","secureblue",".github/workflows/integration_tests.yml",""
"2026-01-22","actions","actions_linux","15","minutes","0.006","0.09000000000000001","0.09000000000000001","0","RoyalOughtness","secureblue","secureblue",".github/workflows/tests.yml",""
"2026-01-22","actions","actions_linux","4","minutes","0.006","0.024","0.024","0","RoyalOughtness","secureblue","secureblue",".github/workflows/justlint.yml",""
"2026-01-22","actions","actions_linux","4","minutes","0.006","0.024","0.024","0","RoyalOughtness","secureblue","secureblue",".github/workflows/ruff.yml",""
"2026-01-22","actions","actions_linux","1","minutes","0.006","0.006","0.006","0","dependabot[bot]","secureblue","render-isos","dynamic/dependabot/dependabot-updates",""
"2026-01-22","actions","actions_linux","2672","minutes","0.006","16.032000000000014","16.032000000000014","0","RoyalOughtness","secureblue","secureblue",".github/workflows/build-all.yml",""
"2026-01-22","actions","actions_linux","55","minutes","0.006","0.33","0.33","0","Qutiess","secureblue","secureblue",".github/workflows/pr_build_minimal.yml",""
"2026-01-22","actions","actions_linux","1","minutes","0.006","0.006","0.006","0","Qutiess","secureblue","secureblue",".github/workflows/ruff.yml",""
"2026-01-22","actions","actions_linux","2","minutes","0.006","0.012","0.012","0","RoyalOughtness","secureblue","secureblue",".github/workflows/provenance.yml",""
"2026-01-22","actions","actions_linux","1","minutes","0.006","0.006","0.006","0","alexvojproc","secureblue","bazaar-rpm",".github/workflows/renovate.yml",""
"2026-01-22","actions","actions_linux","1","minutes","0.006","0.006","0.006","0","Qutiess","secureblue","secureblue",".github/workflows/validate_exec_bit.yml",""
"2026-01-22","actions","actions_linux","1","minutes","0.006","0.006","0.006","0","Qutiess","secureblue","secureblue",".github/workflows/checksum.yml",""
"2026-01-22","actions","actions_linux","96","minutes","0.006","0.5760000000000001","0.5760000000000001","0","dependabot[bot]","secureblue","secureblue",".github/workflows/pr_build_minimal.yml",""
"2026-01-22","actions","actions_linux","1","minutes","0.006","0.006","0.006","0","RoyalOughtness","secureblue","trivalent-subresource-filter",".github/workflows/rebuild.yml",""
"2026-01-22","actions","actions_linux","1","minutes","0.006","0.006","0.006","0","Qutiess","secureblue","secureblue",".github/workflows/linkspector.yml",""
"2026-01-22","actions","actions_linux","1","minutes","0.006","0.006","0.006","0","Qutiess","secureblue","secureblue",".github/workflows/zizmor.yml",""
"2026-01-22","actions","actions_linux","1","minutes","0.006","0.006","0.006","0","Qutiess","secureblue","secureblue",".github/workflows/tests.yml",""
"2026-01-22","actions","actions_linux","61","minutes","0.006","0.366","0.366","0","HastD","secureblue","secureblue",".github/workflows/pr_build_zfs.yml",""
"2026-01-22","actions","actions_linux","27","minutes","0.006","0.16200000000000003","0.16200000000000003","0","RoyalOughtness","secureblue","secureblue","dynamic/github-code-scanning/codeql",""
"2026-01-22","actions","actions_linux","1","minutes","0.006","0.006","0.006","0","dependabot[bot]","secureblue","architecture","dynamic/dependabot/dependabot-updates",""
"2026-01-22","actions","actions_linux","1","minutes","0.006","0.006","0.006","0","dependabot[bot]","secureblue","architecture",".github/workflows/zizmor.yml",""
"2026-01-22","actions","actions_linux","7","minutes","0.006","0.041999999999999996","0.041999999999999996","0","HastD","secureblue","secureblue",".github/workflows/zizmor.yml",""
"2026-01-22","actions","actions_linux","7","minutes","0.006","0.041999999999999996","0.041999999999999996","0","Tiagoquix","secureblue","secureblue",".github/workflows/automod.yml",""
"2026-01-22","actions","actions_linux","173","minutes","0.006","1.038","1.038","0","HastD","secureblue","secureblue",".github/workflows/pr_build_minimal.yml",""
"2026-01-22","actions","actions_linux","1","minutes","0.006","0.006","0.006","0","codingnooob","secureblue","secureblue",".github/workflows/automod.yml",""
"2026-01-22","actions","actions_linux","4","minutes","0.006","0.024","0.024","0","RoyalOughtness","secureblue","homebrew",".github/workflows/lint.yml",""
"2026-01-22","actions","actions_linux","1","minutes","0.006","0.006","0.006","0","RoyalOughtness","secureblue","homebrew",".github/workflows/zizmor.yml",""
"2026-01-22","actions","actions_linux","4","minutes","0.006","0.024","0.024","0","RoyalOughtness","secureblue","secureblue",".github/workflows/scorecard.yml",""
"2026-01-22","actions","actions_linux","1","minutes","0.006","0.006","0.006","0","RoyalOughtness","secureblue","homebrew","dynamic/github-code-scanning/codeql",""
"2026-01-22","actions","actions_linux","3","minutes","0.006","0.018000000000000002","0.018000000000000002","0","HastD","secureblue","secureblue",".github/workflows/trivy.yml",""
"2026-01-22","actions","actions_linux","19","minutes","0.006","0.11400000000000003","0.11400000000000003","0","RoyalOughtness","secureblue","secureblue",".github/workflows/zizmor.yml",""
"2026-01-22","actions","actions_linux","42","minutes","0.006","0.252","0.252","0","HastD","secureblue","secureblue",".github/workflows/pr_build_nvidia.yml",""
"2026-01-22","actions","actions_linux","7","minutes","0.006","0.041999999999999996","0.041999999999999996","0","RoyalOughtness","secureblue","secureblue",".github/workflows/automod.yml",""
"2026-01-22","actions","actions_linux","117","minutes","0.006","0.702","0.702","0","dependabot[bot]","secureblue","secureblue",".github/workflows/pr_build_zfs.yml",""
"2026-01-22","actions","actions_linux","1","minutes","0.006","0.006","0.006","0","Qutiess","secureblue","secureblue",".github/workflows/justlint.yml",""
"2026-01-22","actions","actions_linux","23","minutes","0.006","0.138","0.138","0","HastD","secureblue","secureblue","dynamic/github-code-scanning/codeql",""
"2026-01-22","actions","actions_linux","2","minutes","0.006","0.012","0.012","0","HastD","secureblue","secureblue",".github/workflows/ruff.yml",""
"2026-01-22","actions","actions_linux","3","minutes","0.006","0.018000000000000002","0.018000000000000002","0","HastD","secureblue","homebrew",".github/workflows/lint.yml",""
"2026-01-22","actions","actions_linux","1","minutes","0.006","0.006","0.006","0","HastD","secureblue","secureblue",".github/workflows/justlint.yml",""
"2026-01-22","actions","actions_linux","15","minutes","0.006","0.09000000000000001","0.09000000000000001","0","RoyalOughtness","secureblue","secureblue",".github/workflows/linkspector.yml",""
"2026-01-22","actions","actions_linux","1","minutes","0.006","0.006","0.006","0","dependabot[bot]","secureblue","trivalent-chromium-clean-source","dynamic/dependabot/dependabot-updates",""
"2026-01-22","actions","actions_linux","15","minutes","0.006","0.09000000000000001","0.09000000000000001","0","RoyalOughtness","secureblue","secureblue",".github/workflows/validate_exec_bit.yml",""
"2026-01-22","actions","actions_linux","3","minutes","0.006","0.018000000000000002","0.018000000000000002","0","HastD","secureblue","secureblue",".github/workflows/scorecard.yml",""
"2026-01-22","actions","actions_linux","2","minutes","0.006","0.012","0.012","0","dependabot[bot]","secureblue","Trivalent","dynamic/dependabot/dependabot-updates",""
"2026-01-22","actions","actions_linux","4","minutes","0.006","0.024","0.024","0","dependabot[bot]","secureblue","secureblue","dynamic/dependabot/dependabot-updates",""
"2026-01-22","actions","actions_linux","2","minutes","0.006","0.012","0.012","0","dependabot[bot]","secureblue","secureblue",".github/workflows/checksum.yml",""
"2026-01-22","actions","actions_storage","0.0020009659999999994","gigabyte-hours","0.00033602","6.6E-07","6.6E-07","0","","secureblue","selinux-policy","",""
"2026-01-22","actions","actions_storage","0.0002552439999999999","gigabyte-hours","0.00033602","6.6E-08","6.6E-08","0","","secureblue","selinux-policy-rpm","",""
"2026-01-22","actions","actions_storage","0.0033064460000000006","gigabyte-hours","0.00033602","1.0999999999999994E-06","1.0999999999999994E-06","0","","secureblue","rpm-repo-worker","",""
"2026-01-22","actions","actions_storage","0.0016618800000000003","gigabyte-hours","0.00033602","5.499999999999997E-07","5.499999999999997E-07","0","","secureblue","approvals-action","",""
"2026-01-22","actions","actions_storage","0.0005103559999999999","gigabyte-hours","0.00033602","1.5399999999999995E-07","1.5399999999999995E-07","0","","secureblue","bootc-integration-test-action","",""
"2026-01-22","actions","actions_storage","1516.4668946489999","gigabyte-hours","0.00033602","0.509563198","0.509563198","0","","secureblue","Trivalent","",""
"2026-01-22","actions","actions_storage","0.0028162860000000007","gigabyte-hours","0.00033602","9.460000000000006E-07","9.460000000000006E-07","0","","secureblue","render-isos","",""
"2026-01-22","actions","actions_storage","0.00035890800000000007","gigabyte-hours","0.00033602","1.1000000000000005E-07","1.1000000000000005E-07","0","","secureblue","trivalent-chromium-clean-source","",""
"2026-01-22","actions","actions_storage","0.0007187400000000003","gigabyte-hours","0.00033602","2.200000000000001E-07","2.200000000000001E-07","0","","secureblue","trivalent-subresource-filter","",""
"2026-01-22","actions","actions_storage","0.015562454999999998","gigabyte-hours","0.00033602","5.215000000000001E-06","5.215000000000001E-06","0","","secureblue","secureblue","",""
